,hhid,year,month,kwh,t
1,93,2013,1,0.632945766,1
2,93,2013,2,0.562696305,2
3,93,2013,3,0.579039292,3
4,93,2013,4,0.656187477,4
5,93,2013,5,0.928112455,5
6,93,2013,6,1.743701204,6
7,93,2013,7,1.891138889,7
8,93,2013,8,2.044394982,8
9,93,2013,9,1.686164676,9
10,93,2013,10,0.988713239,10
11,93,2013,11,0.677617315,11
12,93,2013,12,1.242025179,12
13,93,2014,1,0.780114471,13
14,93,2014,2,0.695973176,14
15,93,2014,3,0.618159319,15
16,93,2014,4,0.731225116,16
17,93,2014,5,0.967664091,17
18,93,2014,6,1.421906273,18
19,93,2014,7,1.741815547,19
20,93,2014,8,1.922921505,20
21,93,2014,9,1.375452755,21
22,93,2014,10,0.996266711,22
23,93,2014,11,0.73960081,23
24,93,2014,12,0.942217204,24
25,94,2013,1,0.737683042,1
26,94,2013,2,0.562618353,2
27,94,2013,3,0.553844265,3
28,94,2013,4,0.518305069,4
29,94,2013,5,0.56704711,5
30,94,2013,6,0.80053625,6
31,94,2013,7,0.849535865,7
32,94,2013,8,0.612848566,8
33,94,2013,9,0.801868171,9
34,94,2013,10,0.536102576,10
35,94,2013,11,0.462140139,11
36,94,2013,12,0.417811358,12
37,94,2014,1,0.404395878,13
38,94,2014,2,0.334652827,14
39,94,2014,3,0.367802442,15
40,94,2014,4,0.368262222,16
41,94,2014,5,0.431846483,17
42,94,2014,6,0.601840324,18
43,94,2014,7,0.708715905,19
44,94,2014,8,0.782785417,20
45,94,2014,9,0.611086296,21
46,94,2014,10,0.443231295,22
47,94,2014,11,0.355095787,23
48,94,2014,12,0.267748006,24
49,171,2013,1,0.598175806,1
50,171,2013,2,0.562893428,2
51,171,2013,3,0.520401389,3
52,171,2013,4,0.529637292,4
53,171,2013,5,0.813601568,5
54,171,2013,6,1.518119977,6
55,171,2013,7,1.190267608,7
56,171,2013,8,1.788087097,8
57,171,2013,9,1.529007338,9
58,171,2013,10,0.810360753,10
59,171,2013,11,0.635466991,11
60,171,2013,12,0.747628853,12
61,171,2014,1,0.618641935,13
62,171,2014,2,0.636554167,14
63,171,2014,3,0.492052061,15
64,171,2014,4,0.473921713,16
65,171,2014,5,0.744756877,17
66,171,2014,6,1.318394306,18
67,171,2014,7,1.293974642,19
68,171,2014,8,1.724297491,20
69,171,2014,9,1.260760417,21
70,171,2014,10,0.826294825,22
71,171,2014,11,0.58765287,23
72,171,2014,12,0.650796505,24
73,252,2013,1,1.917433849,1
74,252,2013,2,1.176607937,2
75,252,2013,3,1.637120789,3
76,252,2013,4,1.886500208,4
77,252,2013,5,3.09744655,5
78,252,2013,6,4.08160912,6
79,252,2013,7,2.980165614,7
80,252,2013,8,2.976613127,8
81,252,2013,9,2.495761088,9
82,252,2013,10,1.743230735,10
83,252,2013,11,1.504660718,11
84,252,2013,12,1.475173947,12
85,252,2014,1,1.566822177,13
86,252,2014,2,1.40476751,14
87,252,2014,3,1.227262769,15
88,252,2014,4,2.57843375,16
89,252,2014,5,3.586700493,17
90,252,2014,6,2.396815324,18
91,252,2014,7,3.165278965,19
92,252,2014,8,3.180704637,20
93,252,2014,9,2.51030419,21
94,252,2014,10,2.100013598,22
95,252,2014,11,1.561533935,23
96,252,2014,12,1.694504704,24
97,370,2013,1,1.158642092,1
98,370,2013,2,1.178062624,2
99,370,2013,3,0.997340121,3
100,370,2013,4,1.049869722,4
101,370,2013,5,1.716770699,5
102,370,2013,6,2.600204745,6
103,370,2013,7,2.567849507,7
104,370,2013,8,3.502709341,8
105,370,2013,9,2.675801181,9
106,370,2013,10,1.799029749,10
107,370,2013,11,1.315038032,11
108,370,2013,12,1.004234655,12
109,370,2014,1,1.034993123,13
110,370,2014,2,1.105702331,14
111,370,2014,3,1.106923678,15
112,370,2014,4,1.379338657,16
113,370,2014,5,2.23283685,17
114,370,2014,6,2.53507162,18
115,370,2014,7,1.737312881,19
116,370,2014,8,1.999265591,20
117,370,2014,9,1.78623338,21
118,370,2014,10,1.50178685,22
119,370,2014,11,1.117593356,23
120,370,2014,12,1.176626478,24
121,545,2013,1,0.922232751,1
122,545,2013,2,0.978422272,2
123,545,2013,3,0.998532348,3
124,545,2013,4,0.948915255,4
125,545,2013,5,1.616637814,5
126,545,2013,6,2.641904954,6
127,545,2013,7,2.360767652,7
128,545,2013,8,2.902344825,8
129,545,2013,9,1.958105046,9
130,545,2013,10,1.448669624,10
131,545,2013,11,0.781225324,11
132,545,2013,12,1.054844086,12
133,545,2014,1,1.03329897,13
134,545,2014,2,0.988913616,14
135,545,2014,3,0.886635349,15
136,545,2014,4,1.182990069,16
137,545,2014,5,1.476609901,17
138,545,2014,6,2.20972213,18
139,545,2014,7,2.493791823,19
140,545,2014,8,2.423625426,20
141,545,2014,9,2.096809931,21
142,545,2014,10,1.55552164,22
143,545,2014,11,0.865209352,23
144,545,2014,12,1.048739225,24
145,585,2013,1,0.519793996,1
146,585,2013,2,0.536284499,2
147,585,2013,3,0.593590614,3
148,585,2013,4,0.58144669,4
149,585,2013,5,0.880005354,5
150,585,2013,6,1.518207315,6
151,585,2013,7,1.418022984,7
152,585,2013,8,1.442994758,8
153,585,2013,9,1.286254282,9
154,585,2013,10,0.736025045,10
155,585,2013,11,0.469558657,11
156,585,2013,12,0.533633871,12
157,585,2014,1,0.546525,13
158,585,2014,2,0.508135293,14
159,585,2014,3,0.479491734,15
160,585,2014,4,0.629881505,16
161,585,2014,5,0.793542518,17
162,585,2014,6,1.223062361,18
163,585,2014,7,1.435237746,19
164,585,2014,8,1.576537276,20
165,585,2014,9,1.16726331,21
166,585,2014,10,0.838472334,22
167,585,2014,11,0.464052176,23
168,585,2014,12,0.557384924,24
169,624,2013,1,0.670900314,1
170,624,2013,2,0.376838963,2
171,624,2013,3,0.315785999,3
172,624,2013,4,0.363114931,4
173,624,2013,5,0.485362881,5
174,624,2013,6,0.835426389,6
175,624,2013,7,1.065307258,7
176,624,2013,8,1.012782168,8
177,624,2013,9,0.820048657,9
178,624,2013,10,0.513713374,10
179,624,2013,11,0.555147315,11
180,624,2013,12,0.958201546,12
181,624,2014,1,0.842938127,13
182,624,2014,2,0.681628571,14
183,624,2014,3,0.522113754,15
184,624,2014,4,0.415826782,16
185,624,2014,5,0.537018145,17
186,624,2014,6,0.858984699,18
187,624,2014,7,1.064930085,19
188,624,2014,8,1.12778022,20
189,624,2014,9,0.741584606,21
190,624,2014,10,0.626673297,22
191,624,2014,11,0.64110581,23
192,624,2014,12,0.761687679,24
193,739,2013,1,0.218309431,1
194,739,2013,2,0.193929663,2
195,739,2013,3,0.171706541,3
196,739,2013,4,0.224932986,4
197,739,2013,5,0.336678943,5
198,739,2013,6,0.888779213,6
199,739,2013,7,0.880513038,7
200,739,2013,8,0.984724104,8
201,739,2013,9,0.701648588,9
202,739,2013,10,0.323293884,10
203,739,2013,11,0.200785949,11
204,739,2013,12,0.202194601,12
205,739,2014,1,0.209950224,13
206,739,2014,2,0.201406548,14
207,739,2014,3,0.178098746,15
208,739,2014,4,0.225830394,16
209,739,2014,5,0.375821326,17
210,739,2014,6,0.765390023,18
211,739,2014,7,0.80953461,19
212,739,2014,8,1.042399238,20
213,739,2014,9,0.570141991,21
214,739,2014,10,0.35377948,22
215,739,2014,11,0.18259294,23
216,739,2014,12,0.1693806,24
217,744,2013,1,0.499691353,1
218,744,2013,2,0.463377455,2
219,744,2013,3,0.508827263,3
220,744,2013,4,0.753465301,4
221,744,2013,5,1.673888822,5
222,744,2013,6,2.353260856,6
223,744,2013,7,2.264021976,7
224,744,2013,8,2.204509274,8
225,744,2013,9,1.652908773,9
226,744,2013,10,1.003060484,10
227,744,2013,11,0.661552986,11
228,744,2013,12,0.652612209,12
229,744,2014,1,0.648000291,13
230,744,2014,2,0.634936706,14
231,744,2014,3,0.663354346,15
232,744,2014,4,0.791870602,16
233,744,2014,5,1.05786203,17
234,744,2014,6,1.691590463,18
235,744,2014,7,1.794698656,19
236,744,2014,8,2.001057303,20
237,744,2014,9,1.621294838,21
238,744,2014,10,1.220212074,22
239,744,2014,11,0.459053403,23
240,744,2014,12,0.477630578,24
241,861,2013,1,0.592149843,1
242,861,2013,2,0.443767684,2
243,861,2013,3,0.432475358,3
244,861,2013,4,0.478240023,4
245,861,2013,5,0.760021326,5
246,861,2013,6,1.605384282,6
247,861,2013,7,1.583665883,7
248,861,2013,8,1.737927778,8
249,861,2013,9,1.502163843,9
250,861,2013,10,0.877698522,10
251,861,2013,11,0.498792454,11
252,861,2013,12,0.556519467,12
253,861,2014,1,0.518361425,13
254,861,2014,2,0.507796726,14
255,861,2014,3,0.396118504,15
256,861,2014,4,0.49623037,16
257,861,2014,5,1.025964046,17
258,861,2014,6,1.433520509,18
259,861,2014,7,1.564489651,19
260,861,2014,8,1.829886694,20
261,861,2014,9,1.459907037,21
262,861,2014,10,0.851475157,22
263,861,2014,11,0.532197176,23
264,861,2014,12,0.533137366,24
265,890,2013,1,0.661609095,1
266,890,2013,2,0.607272941,2
267,890,2013,3,0.62850112,3
268,890,2013,4,0.682029884,4
269,890,2013,5,1.019668638,5
270,890,2013,6,1.739926551,6
271,890,2013,7,1.796337142,7
272,890,2013,8,2.010293369,8
273,890,2013,9,1.752672731,9
274,890,2013,10,0.92267556,10
275,890,2013,11,0.63576838,11
276,890,2013,12,0.623370296,12
277,890,2014,1,0.632985775,13
278,890,2014,2,0.611089757,14
279,890,2014,3,0.61522435,15
280,890,2014,4,0.671780069,16
281,890,2014,5,0.899267697,17
282,890,2014,6,1.470255347,18
283,890,2014,7,1.608181944,19
284,890,2014,8,2.001010954,20
285,890,2014,9,1.622268519,21
286,890,2014,10,1.20293759,22
287,890,2014,11,0.597226713,23
288,890,2014,12,0.614331272,24
289,898,2013,1,0.27477612,1
290,898,2013,2,0.223079142,2
291,898,2013,3,0.243796909,3
292,898,2013,4,0.196532616,4
293,898,2013,5,0.292364516,5
294,898,2013,6,0.579785278,6
295,898,2013,7,0.612677195,7
296,898,2013,8,0.715580018,8
297,898,2013,9,0.574396968,9
298,898,2013,10,0.303124798,10
299,898,2013,11,0.239570671,11
300,898,2013,12,0.269828069,12
301,898,2014,1,0.304670094,13
302,898,2014,2,0.300518477,14
303,898,2014,3,0.241173746,15
304,898,2014,4,0.253230972,16
305,898,2014,5,0.403730376,17
306,898,2014,6,0.705635602,18
307,898,2014,7,0.767407258,19
308,898,2014,8,0.882329279,20
309,898,2014,9,0.602931157,21
310,898,2014,10,0.373375717,22
311,898,2014,11,0.283968148,23
312,898,2014,12,0.386350605,24
313,1103,2013,1,0.392393324,1
314,1103,2013,2,0.363542783,2
315,1103,2013,3,0.34444776,3
316,1103,2013,4,0.341344769,4
317,1103,2013,5,0.469349686,5
318,1103,2013,6,1.034858542,6
319,1103,2013,7,1.017408356,7
320,1103,2013,8,1.13798237,8
321,1103,2013,9,0.647291481,9
322,1103,2013,10,0.487391756,10
323,1103,2013,11,0.276688032,11
324,1103,2013,12,0.369554794,12
325,1103,2014,1,0.398227957,13
326,1103,2014,2,0.364957217,14
327,1103,2014,3,0.35355168,15
328,1103,2014,4,0.389171111,16
329,1103,2014,5,0.499377957,17
330,1103,2014,6,0.831531065,18
331,1103,2014,7,1.01870401,19
332,1103,2014,8,1.36170914,20
333,1103,2014,9,0.817515995,21
334,1103,2014,10,0.489303338,22
335,1103,2014,11,0.353738681,23
336,1103,2014,12,0.344633916,24
337,1153,2013,1,1.352701703,1
338,1153,2013,2,1.189096751,2
339,1153,2013,3,1.292195878,3
340,1153,2013,4,1.380720741,4
341,1153,2013,5,1.501989225,5
342,1153,2013,6,2.270617407,6
343,1153,2013,7,2.661615547,7
344,1153,2013,8,3.164814494,8
345,1153,2013,9,2.655128611,9
346,1153,2013,10,1.850834229,10
347,1153,2013,11,1.381973449,11
348,1153,2013,12,1.170897133,12
349,1153,2014,1,1.227735842,13
350,1153,2014,2,1.197986607,14
351,1153,2014,3,1.171793548,15
352,1153,2014,4,1.600935486,16
353,1153,2014,5,1.910112164,17
354,1153,2014,6,2.866496366,18
355,1153,2014,7,2.95362211,19
356,1153,2014,8,3.056672984,20
357,1153,2014,9,2.652470602,21
358,1153,2014,10,2.093663889,22
359,1153,2014,11,0.99112037,23
360,1153,2014,12,0.981963799,24
361,1283,2013,1,1.16947388,1
362,1283,2013,2,1.261738542,2
363,1283,2013,3,1.075806138,3
364,1283,2013,4,0.970263519,4
365,1283,2013,5,1.455114919,5
366,1283,2013,6,1.548454306,6
367,1283,2013,7,1.807424978,7
368,1283,2013,8,2.782400582,8
369,1283,2013,9,2.280586991,9
370,1283,2013,10,1.54884422,10
371,1283,2013,11,1.064355255,11
372,1283,2013,12,1.087903271,12
373,1283,2014,1,1.080667496,13
374,1283,2014,2,1.118646627,14
375,1283,2014,3,1.046923499,15
376,1283,2014,4,0.907848819,16
377,1283,2014,5,1.207499373,17
378,1283,2014,6,1.387659005,18
379,1283,2014,7,2.250508557,19
380,1283,2014,8,2.83507789,20
381,1283,2014,9,2.103927662,21
382,1283,2014,10,1.55543004,22
383,1283,2014,11,0.990088218,23
384,1283,2014,12,0.935437858,24
385,1508,2013,1,1.002593436,1
386,1508,2013,2,0.79963874,2
387,1508,2013,3,0.887185484,3
388,1508,2013,4,0.942109352,4
389,1508,2013,5,1.611665883,5
390,1508,2013,6,2.293450648,6
391,1508,2013,7,2.698494624,7
392,1508,2013,8,2.808415591,8
393,1508,2013,9,2.674970718,9
394,1508,2013,10,1.462217339,10
395,1508,2013,11,0.982923588,11
396,1508,2013,12,1.12446185,12
397,1508,2014,1,1.34590513,13
398,1508,2014,2,1.323495313,14
399,1508,2014,3,1.528180712,15
400,1508,2014,4,1.509548495,16
401,1508,2014,5,1.892445565,17
402,1508,2014,6,2.562682546,18
403,1508,2014,7,2.649345251,19
404,1508,2014,8,3.016532146,20
405,1508,2014,9,1.919386319,21
406,1508,2014,10,1.444331452,22
407,1508,2014,11,0.827034722,23
408,1508,2014,12,1.037985887,24
409,1718,2013,1,1.081668369,1
410,1718,2013,2,0.977860367,2
411,1718,2013,3,1.032017899,3
412,1718,2013,4,1.166594375,4
413,1718,2013,5,1.605969758,5
414,1718,2013,6,2.372401435,6
415,1718,2013,7,2.418850179,7
416,1718,2013,8,2.725478584,8
417,1718,2013,9,2.363143032,9
418,1718,2013,10,1.570208759,10
419,1718,2013,11,1.181930301,11
420,1718,2013,12,1.247749485,12
421,1718,2014,1,1.065308065,13
422,1718,2014,2,1.068983259,14
423,1718,2014,3,1.000259812,15
424,1718,2014,4,1.245894977,16
425,1718,2014,5,1.509145072,17
426,1718,2014,6,2.30598331,18
427,1718,2014,7,2.468869265,19
428,1718,2014,8,2.746623566,20
429,1718,2014,9,2.237593449,21
430,1718,2014,10,1.830433154,22
431,1718,2014,11,1.050735324,23
432,1718,2014,12,1.435037231,24
433,1792,2013,1,0.681835618,1
434,1792,2013,2,0.611023016,2
435,1792,2013,3,0.547535439,3
436,1792,2013,4,0.666820069,4
437,1792,2013,5,1.07393237,5
438,1792,2013,6,1.687511829,6
439,1792,2013,7,1.018458401,7
440,1792,2013,8,1.577268884,8
441,1792,2013,9,1.340891806,9
442,1792,2013,10,0.716699955,10
443,1792,2013,11,0.635007963,11
444,1792,2013,12,0.733162634,12
445,1792,2014,1,0.875143795,13
446,1792,2014,2,0.781989137,14
447,1792,2014,3,0.575578203,15
448,1792,2014,4,0.755269815,16
449,1792,2014,5,1.243664158,17
450,1792,2014,6,1.671450949,18
451,1792,2014,7,1.206119937,19
452,1792,2014,8,1.778251389,20
453,1792,2014,9,1.447360162,21
454,1792,2014,10,1.243394108,22
455,1792,2014,11,1.087229028,23
456,1792,2014,12,0.696418033,24
457,1953,2013,1,0.530490815,1
458,1953,2013,2,0.483682068,2
459,1953,2013,3,0.406289539,3
460,1953,2013,4,0.454076366,4
461,1953,2013,5,0.567364897,5
462,1953,2013,6,1.542171806,6
463,1953,2013,7,1.497549866,7
464,1953,2013,8,1.609827151,8
465,1953,2013,9,1.094498009,9
466,1953,2013,10,0.538371057,10
467,1953,2013,11,0.50810794,11
468,1953,2013,12,0.718667585,12
469,1953,2014,1,0.596120094,13
470,1953,2014,2,0.573352728,14
471,1953,2014,3,0.457783311,15
472,1953,2014,4,0.51791,16
473,1953,2014,5,0.58032724,17
474,1953,2014,6,1.184770602,18
475,1953,2014,7,1.133650179,19
476,1953,2014,8,1.622193078,20
477,1953,2014,9,1.077191366,21
478,1953,2014,10,0.654613777,22
479,1953,2014,11,0.566413287,23
480,1953,2014,12,0.731732392,24
481,2072,2013,1,0.851613486,1
482,2072,2013,2,0.753963542,2
483,2072,2013,3,0.86694711,3
484,2072,2013,4,0.888385301,4
485,2072,2013,5,1.428290703,5
486,2072,2013,6,2.596656204,6
487,2072,2013,7,2.67906922,7
488,2072,2013,8,2.703158781,8
489,2072,2013,9,2.550449815,9
490,2072,2013,10,1.525490502,10
491,2072,2013,11,1.259122292,11
492,2072,2013,12,1.125080824,12
493,2072,2014,1,0.873383468,13
494,2072,2014,2,0.949391617,14
495,2072,2014,3,1.197056541,15
496,2072,2014,4,1.595368495,16
497,2072,2014,5,1.878299238,17
498,2072,2014,6,2.667152731,18
499,2072,2014,7,2.762866039,19
500,2072,2014,8,2.43760681,20
501,2072,2014,9,1.867464745,21
502,2072,2014,10,1.382840927,22
503,2072,2014,11,0.748224028,23
504,2072,2014,12,0.754155668,24
505,2158,2013,1,0.981709789,1
506,2158,2013,2,0.950281027,2
507,2158,2013,3,1.045213262,3
508,2158,2013,4,1.215626968,4
509,2158,2013,5,1.593449104,5
510,2158,2013,6,2.184723889,6
511,2158,2013,7,2.078495923,7
512,2158,2013,8,2.302982146,8
513,2158,2013,9,1.987138449,9
514,2158,2013,10,1.335441129,10
515,2158,2013,11,0.997884884,11
516,2158,2013,12,1.012990883,12
517,2158,2014,1,0.827336402,13
518,2158,2014,2,0.859311706,14
519,2158,2014,3,0.958017025,15
520,2158,2014,4,1.312691551,16
521,2158,2014,5,1.648033244,17
522,2158,2014,6,2.115166829,18
523,2158,2014,7,2.256445228,19
524,2158,2014,8,2.414321237,20
525,2158,2014,9,1.954294282,21
526,2158,2014,10,1.532190054,22
527,2158,2014,11,1.000240694,23
528,2158,2014,12,0.837666801,24
529,2199,2013,1,0.432329525,1
530,2199,2013,2,0.350394593,2
531,2199,2013,3,0.452457236,3
532,2199,2013,4,0.460925231,4
533,2199,2013,5,0.60815112,5
534,2199,2013,6,0.902101736,6
535,2199,2013,7,0.910973678,7
536,2199,2013,8,0.943941515,8
537,2199,2013,9,0.837509167,9
538,2199,2013,10,0.522508378,10
539,2199,2013,11,0.382183449,11
540,2199,2013,12,0.432178069,12
541,2199,2014,1,0.427453607,13
542,2199,2014,2,0.412366995,14
543,2199,2014,3,0.358130137,15
544,2199,2014,4,0.398249606,16
545,2199,2014,5,0.439350986,17
546,2199,2014,6,0.629959676,18
547,2199,2014,7,0.674169467,19
548,2199,2014,8,0.799003517,20
549,2199,2014,9,0.643560347,21
550,2199,2014,10,0.451206295,22
551,2199,2014,11,0.415587593,23
552,2199,2014,12,0.320734341,24
553,2233,2013,1,0.577968212,1
554,2233,2013,2,0.528909325,2
555,2233,2013,3,0.556306944,3
556,2233,2013,4,0.570426944,4
557,2233,2013,5,0.920292204,5
558,2233,2013,6,1.697240602,6
559,2233,2013,7,1.818779435,7
560,2233,2013,8,2.009970789,8
561,2233,2013,9,1.508193565,9
562,2233,2013,10,0.947246774,10
563,2233,2013,11,0.698332731,11
564,2233,2013,12,0.780073902,12
565,2233,2014,1,0.666703114,13
566,2233,2014,2,0.60670124,14
567,2233,2014,3,0.64474935,15
568,2233,2014,4,0.841501065,16
569,2233,2014,5,1.219112209,17
570,2233,2014,6,1.742318403,18
571,2233,2014,7,2.233734297,19
572,2233,2014,8,2.353961626,20
573,2233,2014,9,1.849730625,21
574,2233,2014,10,1.202588306,22
575,2233,2014,11,0.916771412,23
576,2233,2014,12,0.848289606,24
577,2242,2013,1,1.737181183,1
578,2242,2013,2,1.272030928,2
579,2242,2013,3,1.491252419,3
580,2242,2013,4,1.579647407,4
581,2242,2013,5,2.32415457,5
582,2242,2013,6,3.76419169,6
583,2242,2013,7,3.69304608,7
584,2242,2013,8,3.834815927,8
585,2242,2013,9,2.95733838,9
586,2242,2013,10,1.694564158,10
587,2242,2013,11,1.551363773,11
588,2242,2013,12,2.00502043,12
589,2242,2014,1,1.610477464,13
590,2242,2014,2,1.31921689,14
591,2242,2014,3,1.254490345,15
592,2242,2014,4,1.427774884,16
593,2242,2014,5,2.070723387,17
594,2242,2014,6,3.219490787,18
595,2242,2014,7,3.479260618,19
596,2242,2014,8,3.381870721,20
597,2242,2014,9,2.51369794,21
598,2242,2014,10,1.71061203,22
599,2242,2014,11,1.290904213,23
600,2242,2014,12,1.738827643,24
601,2337,2013,1,0.305677711,1
602,2337,2013,2,0.277991443,2
603,2337,2013,3,0.310746192,3
604,2337,2013,4,0.28436956,4
605,2337,2013,5,0.437780376,5
606,2337,2013,6,0.901748958,6
607,2337,2013,7,0.985526747,7
608,2337,2013,8,1.170860797,8
609,2337,2013,9,0.969321713,9
610,2337,2013,10,0.498417563,10
611,2337,2013,11,0.493692917,11
612,2337,2013,12,1.203060887,12
613,2337,2014,1,1.739213105,13
614,2337,2014,2,1.174068775,14
615,2337,2014,3,0.531243862,15
616,2337,2014,4,0.377856806,16
617,2337,2014,5,0.521359297,17
618,2337,2014,6,0.816543958,18
619,2337,2014,7,1.035992025,19
620,2337,2014,8,1.174197513,20
621,2337,2014,9,0.892803773,21
622,2337,2014,10,0.633236089,22
623,2337,2014,11,0.378277269,23
624,2337,2014,12,0.382951815,24
625,2449,2013,1,0.439411738,1
626,2449,2013,2,1.148838368,2
627,2449,2013,3,1.048972289,3
628,2449,2013,4,0.9787975,4
629,2449,2013,5,1.106455242,5
630,2449,2013,6,1.072195046,6
631,2449,2013,7,1.382517249,7
632,2449,2013,8,1.470998634,8
633,2449,2013,9,1.074380532,9
634,2449,2013,10,0.880582056,10
635,2449,2013,11,0.710827431,11
636,2449,2013,12,0.816824597,12
637,2449,2014,1,0.851715995,13
638,2449,2014,2,0.625960789,14
639,2449,2014,3,0.807568862,15
640,2449,2014,4,0.802613843,16
641,2449,2014,5,0.966161783,17
642,2449,2014,6,1.345123981,18
643,2449,2014,7,1.410086895,19
644,2449,2014,8,1.432861783,20
645,2449,2014,9,1.218948565,21
646,2449,2014,10,0.983961649,22
647,2449,2014,11,0.668315764,23
648,2449,2014,12,0.695990255,24
649,2470,2013,1,0.5578847,1
650,2470,2013,2,0.507523686,2
651,2470,2013,3,0.434931877,3
652,2470,2013,4,0.434429931,4
653,2470,2013,5,0.560955085,5
654,2470,2013,6,1.055903032,6
655,2470,2013,7,0.909486694,7
656,2470,2013,8,1.155282124,8
657,2470,2013,9,0.898951458,9
658,2470,2013,10,0.627824395,10
659,2470,2013,11,0.641034653,11
660,2470,2013,12,0.640384297,12
661,2470,2014,1,0.579220721,13
662,2470,2014,2,0.605278001,14
663,2470,2014,3,0.606820497,15
664,2470,2014,4,0.635856088,16
665,2470,2014,5,0.872059857,17
666,2470,2014,6,1.342734722,18
667,2470,2014,7,1.445434633,19
668,2470,2014,8,1.568480197,20
669,2470,2014,9,1.261592199,21
670,2470,2014,10,0.860229435,22
671,2470,2014,11,0.657035486,23
672,2470,2014,12,0.572917652,24
673,2755,2013,1,0.57341875,1
674,2755,2013,2,0.5314906,2
675,2755,2013,3,0.489454973,3
676,2755,2013,4,0.470892917,4
677,2755,2013,5,0.790660618,5
678,2755,2013,6,1.510774838,6
679,2755,2013,7,1.499578383,7
680,2755,2013,8,1.828634274,8
681,2755,2013,9,1.399842986,9
682,2755,2013,10,0.608833199,10
683,2755,2013,11,0.617994769,11
684,2755,2013,12,0.814558154,12
685,2755,2014,1,0.71026978,13
686,2755,2014,2,0.572150496,14
687,2755,2014,3,0.519429794,15
688,2755,2014,4,0.460187616,16
689,2755,2014,5,0.625194892,17
690,2755,2014,6,1.193857639,18
691,2755,2014,7,1.300215188,19
692,2755,2014,8,1.601096797,20
693,2755,2014,9,1.068875,21
694,2755,2014,10,0.76241185,22
695,2755,2014,11,0.513141574,23
696,2755,2014,12,0.648719332,24
697,2818,2013,1,0.548525605,1
698,2818,2013,2,0.53734375,2
699,2818,2013,3,0.536260103,3
700,2818,2013,4,0.647351713,4
701,2818,2013,5,0.900041062,5
702,2818,2013,6,1.751336644,6
703,2818,2013,7,1.973997984,7
704,2818,2013,8,2.013053607,8
705,2818,2013,9,1.629160532,9
706,2818,2013,10,0.911779144,10
707,2818,2013,11,0.586727153,11
708,2818,2013,12,0.645438284,12
709,2818,2014,1,0.616439516,13
710,2818,2014,2,0.494409028,14
711,2818,2014,3,0.591155645,15
712,2818,2014,4,0.84395044,16
713,2818,2014,5,0.926878651,17
714,2818,2014,6,1.440633264,18
715,2818,2014,7,1.668950336,19
716,2818,2014,8,1.907329055,20
717,2818,2014,9,1.30417581,21
718,2818,2014,10,0.894546393,22
719,2818,2014,11,0.437309167,23
720,2818,2014,12,0.503621259,24
721,2829,2013,1,0.765019758,1
722,2829,2013,2,0.786726513,2
723,2829,2013,3,0.730511895,3
724,2829,2013,4,0.795085301,4
725,2829,2013,5,1.045788665,5
726,2829,2013,6,1.151474537,6
727,2829,2013,7,1.389813553,7
728,2829,2013,8,1.416184073,8
729,2829,2013,9,0.952532801,9
730,2829,2013,10,0.639710237,10
731,2829,2013,11,0.525085116,11
732,2829,2013,12,0.532069064,12
733,2829,2014,1,0.585399082,13
734,2829,2014,2,0.617153795,14
735,2829,2014,3,0.607779256,15
736,2829,2014,4,0.657846002,16
737,2829,2014,5,0.658511738,17
738,2829,2014,6,0.971463472,18
739,2829,2014,7,1.273799216,19
740,2829,2014,8,1.519802845,20
741,2829,2014,9,0.997585694,21
742,2829,2014,10,0.873169444,22
743,2829,2014,11,0.650294931,23
744,2829,2014,12,0.882149014,24
745,2925,2013,1,0.579922491,1
746,2925,2013,2,0.613679638,2
747,2925,2013,3,0.569860999,3
748,2925,2013,4,0.835928611,4
749,2925,2013,5,1.497770206,5
750,2925,2013,6,2.339537546,6
751,2925,2013,7,2.395735506,7
752,2925,2013,8,2.354826456,8
753,2925,2013,9,2.093856528,9
754,2925,2013,10,1.42448974,10
755,2925,2013,11,0.881113472,11
756,2925,2013,12,0.891353293,12
757,2925,2014,1,0.857863687,13
758,2925,2014,2,0.803486582,14
759,2925,2014,3,0.853924126,15
760,2925,2014,4,1.08784162,16
761,2925,2014,5,1.099300694,17
762,2925,2014,6,2.181904213,18
763,2925,2014,7,2.320121035,19
764,2925,2014,8,2.522981631,20
765,2925,2014,9,2.746653681,21
766,2925,2014,10,2.146729234,22
767,2925,2014,11,1.037581667,23
768,2925,2014,12,0.803886156,24
769,2945,2013,1,0.47345103,1
770,2945,2013,2,0.503221974,2
771,2945,2013,3,0.424114158,3
772,2945,2013,4,0.549618981,4
773,2945,2013,5,0.708466084,5
774,2945,2013,6,1.276068148,6
775,2945,2013,7,1.069497021,7
776,2945,2013,8,1.30927164,8
777,2945,2013,9,1.021913495,9
778,2945,2013,10,0.738021035,10
779,2945,2013,11,0.46313338,11
780,2945,2013,12,0.575680623,12
781,2945,2014,1,0.515862612,13
782,2945,2014,2,0.551183557,14
783,2945,2014,3,0.458620542,15
784,2945,2014,4,0.586705208,16
785,2945,2014,5,0.641448342,17
786,2945,2014,6,0.88205588,18
787,2945,2014,7,0.550118705,19
788,2945,2014,8,1.053152531,20
789,2945,2014,9,0.880476505,21
790,2945,2014,10,0.759721685,22
791,2945,2014,11,0.420573032,23
792,2945,2014,12,0.686371416,24
793,2974,2013,1,1.361906295,1
794,2974,2013,2,1.203601364,2
795,2974,2013,3,1.151946528,3
796,2974,2013,4,1.062120301,4
797,2974,2013,5,2.053095587,5
798,2974,2013,6,2.954040833,6
799,2974,2013,7,2.850329346,7
800,2974,2013,8,2.807480108,8
801,2974,2013,9,2.209739398,9
802,2974,2013,10,1.26229319,10
803,2974,2013,11,1.022380833,11
804,2974,2013,12,1.466411246,12
805,2974,2014,1,1.011952778,13
806,2974,2014,2,1.008684053,14
807,2974,2014,3,1.103814315,15
808,2974,2014,4,1.262712269,16
809,2974,2014,5,1.747318145,17
810,2974,2014,6,2.485279583,18
811,2974,2014,7,2.961637814,19
812,2974,2014,8,2.991115726,20
813,2974,2014,9,2.19701713,21
814,2974,2014,10,1.650822133,22
815,2974,2014,11,1.252624745,23
816,2974,2014,12,1.551890188,24
817,2980,2013,1,0.676096573,1
818,2980,2013,2,0.559085987,2
819,2980,2013,3,0.511689427,3
820,2980,2013,4,0.703703912,4
821,2980,2013,5,1.103167563,5
822,2980,2013,6,1.899123356,6
823,2980,2013,7,1.922505533,7
824,2980,2013,8,1.85245849,8
825,2980,2013,9,1.615404329,9
826,2980,2013,10,0.899503047,10
827,2980,2013,11,0.477750417,11
828,2980,2013,12,0.729527487,12
829,2980,2014,1,0.619011447,13
830,2980,2014,2,0.579715774,14
831,2980,2014,3,0.564237276,15
832,2980,2014,4,0.942435185,16
833,2980,2014,5,1.310954099,17
834,2980,2014,6,1.603907176,18
835,2980,2014,7,1.799133714,19
836,2980,2014,8,1.998363934,20
837,2980,2014,9,1.717774097,21
838,2980,2014,10,1.373757079,22
839,2980,2014,11,0.576571597,23
840,2980,2014,12,0.709415457,24
841,2986,2013,1,0.257414068,1
842,2986,2013,2,0.222413517,2
843,2986,2013,3,0.31225578,3
844,2986,2013,4,0.303937245,4
845,2986,2013,5,0.536266868,5
846,2986,2013,6,0.95441331,6
847,2986,2013,7,0.983206362,7
848,2986,2013,8,1.67545672,8
849,2986,2013,9,0.978513681,9
850,2986,2013,10,0.621830466,10
851,2986,2013,11,0.421582685,11
852,2986,2013,12,0.423509722,12
853,2986,2014,1,0.409355824,13
854,2986,2014,2,0.390340575,14
855,2986,2014,3,0.361256407,15
856,2986,2014,4,0.416192847,16
857,2986,2014,5,0.358773566,17
858,2986,2014,6,0.718199745,18
859,2986,2014,7,1.348379659,19
860,2986,2014,8,2.217405466,20
861,2986,2014,9,1.58680713,21
862,2986,2014,10,1.203361783,22
863,2986,2014,11,0.38919625,23
864,2986,2014,12,0.384920542,24
865,3039,2013,1,2.122424373,1
866,3039,2013,2,2.409677009,2
867,3039,2013,3,2.181885887,3
868,3039,2013,4,2.12880875,4
869,3039,2013,5,2.112838934,5
870,3039,2013,6,2.690834051,6
871,3039,2013,7,2.871286895,7
872,3039,2013,8,3.083164404,8
873,3039,2013,9,2.601065833,9
874,3039,2013,10,1.79392444,10
875,3039,2013,11,1.287204259,11
876,3039,2013,12,1.268608759,12
877,3039,2014,1,1.283618302,13
878,3039,2014,2,1.310697718,14
879,3039,2014,3,1.275463239,15
880,3039,2014,4,1.76058456,16
881,3039,2014,5,1.91241642,17
882,3039,2014,6,2.355094282,18
883,3039,2014,7,2.897866913,19
884,3039,2014,8,2.787822446,20
885,3039,2014,9,2.513145671,21
886,3039,2014,10,2.039035125,22
887,3039,2014,11,1.152271875,23
888,3039,2014,12,1.22085849,24
889,3224,2013,1,0.455096102,1
890,3224,2013,2,0.503626612,2
891,3224,2013,3,0.452081743,3
892,3224,2013,4,0.413079907,4
893,3224,2013,5,0.495106855,5
894,3224,2013,6,1.057390162,6
895,3224,2013,7,1.16167603,7
896,3224,2013,8,1.253046685,8
897,3224,2013,9,1.151696829,9
898,3224,2013,10,0.633406272,10
899,3224,2013,11,0.551417731,11
900,3224,2013,12,0.769841017,12
901,3224,2014,1,0.622941689,13
902,3224,2014,2,0.659832589,14
903,3224,2014,3,0.602855287,15
904,3224,2014,4,0.476326944,16
905,3224,2014,5,0.527318593,17
906,3224,2014,6,0.876415278,18
907,3224,2014,7,1.143133826,19
908,3224,2014,8,1.331622088,20
909,3224,2014,9,0.986510694,21
910,3224,2014,10,0.762740166,22
911,3224,2014,11,0.481416551,23
912,3224,2014,12,0.609920565,24
913,3367,2013,1,1.014742876,1
914,3367,2013,2,1.011441865,2
915,3367,2013,3,1.040810506,3
916,3367,2013,4,1.034622894,4
917,3367,2013,5,1.479922469,5
918,3367,2013,6,2.585575648,6
919,3367,2013,7,2.660991174,7
920,3367,2013,8,3.01822155,8
921,3367,2013,9,2.533758032,9
922,3367,2013,10,1.607737455,10
923,3367,2013,11,1.208288171,11
924,3367,2013,12,1.384101837,12
925,3367,2014,1,1.295113172,13
926,3367,2014,2,1.325834573,14
927,3367,2014,3,1.105749978,15
928,3367,2014,4,1.372611019,16
929,3367,2014,5,1.730035954,17
930,3367,2014,6,2.684528889,18
931,3367,2014,7,2.657073096,19
932,3367,2014,8,3.353554951,20
933,3367,2014,9,2.675858935,21
934,3367,2014,10,2.13154478,22
935,3367,2014,11,1.122950324,23
936,3367,2014,12,1.19935578,24
937,3456,2013,1,0.501980018,1
938,3456,2013,2,0.436648363,2
939,3456,2013,3,0.379415681,3
940,3456,2013,4,0.427548588,4
941,3456,2013,5,0.637168436,5
942,3456,2013,6,1.144541528,6
943,3456,2013,7,1.049151456,7
944,3456,2013,8,1.108440569,8
945,3456,2013,9,1.037651736,9
946,3456,2013,10,0.540965255,10
947,3456,2013,11,0.477453449,11
948,3456,2013,12,0.461240255,12
949,3456,2014,1,0.46566996,13
950,3456,2014,2,0.436649479,14
951,3456,2014,3,0.442606272,15
952,3456,2014,4,0.581352199,16
953,3456,2014,5,0.716833781,17
954,3456,2014,6,1.106294514,18
955,3456,2014,7,1.280049082,19
956,3456,2014,8,1.576880354,20
957,3456,2014,9,1.173403958,21
958,3456,2014,10,0.753968257,22
959,3456,2014,11,0.443002245,23
960,3456,2014,12,0.476922894,24
961,3527,2013,1,0.557679055,1
962,3527,2013,2,0.470187822,2
963,3527,2013,3,0.446107504,3
964,3527,2013,4,0.465281065,4
965,3527,2013,5,0.85592164,5
966,3527,2013,6,1.515592847,6
967,3527,2013,7,1.558788486,7
968,3527,2013,8,1.720966353,8
969,3527,2013,9,1.410372384,9
970,3527,2013,10,0.757314135,10
971,3527,2013,11,0.528699792,11
972,3527,2013,12,0.519886134,12
973,3527,2014,1,0.584105242,13
974,3527,2014,2,0.518106523,14
975,3527,2014,3,0.462855287,15
976,3527,2014,4,0.480512361,16
977,3527,2014,5,0.799416465,17
978,3527,2014,6,1.336604745,18
979,3527,2014,7,1.568608714,19
980,3527,2014,8,1.744147222,20
981,3527,2014,9,1.34592,21
982,3527,2014,10,0.947043235,22
983,3527,2014,11,0.615860185,23
984,3527,2014,12,0.562157751,24
985,3544,2013,1,1.040935977,1
986,3544,2013,2,0.811431374,2
987,3544,2013,3,0.768571393,3
988,3544,2013,4,0.720942384,4
989,3544,2013,5,0.879501053,5
990,3544,2013,6,1.332600532,6
991,3544,2013,7,1.336009969,7
992,3544,2013,8,1.388389606,8
993,3544,2013,9,1.278147431,9
994,3544,2013,10,0.835477442,10
995,3544,2013,11,0.89803588,11
996,3544,2013,12,1.178599194,12
997,3544,2014,1,1.103923768,13
998,3544,2014,2,1.087832416,14
999,3544,2014,3,0.845289068,15
1000,3544,2014,4,0.758585486,16
1001,3544,2014,5,1.000913732,17
1002,3544,2014,6,1.280602798,18
1003,3544,2014,7,1.293559297,19
1004,3544,2014,8,1.531740435,20
1005,3544,2014,9,1.153334907,21
1006,3544,2014,10,0.879371169,22
1007,3544,2014,11,0.77293375,23
1008,3544,2014,12,0.918605645,24
1009,3635,2013,1,0.951747155,1
1010,3635,2013,2,0.96674432,2
1011,3635,2013,3,0.837946371,3
1012,3635,2013,4,1.063806806,4
1013,3635,2013,5,1.553106026,5
1014,3635,2013,6,2.742585648,6
1015,3635,2013,7,2.738577039,7
1016,3635,2013,8,2.872488598,8
1017,3635,2013,9,2.090358843,9
1018,3635,2013,10,1.536140771,10
1019,3635,2013,11,1.142594676,11
1020,3635,2013,12,1.548982191,12
1021,3635,2014,1,1.288564001,13
1022,3635,2014,2,1.197213566,14
1023,3635,2014,3,1.23867892,15
1024,3635,2014,4,1.343880764,16
1025,3635,2014,5,1.577158916,17
1026,3635,2014,6,2.108094005,18
1027,3635,2014,7,2.197439583,19
1028,3635,2014,8,2.552756564,20
1029,3635,2014,9,2.227868495,21
1030,3635,2014,10,1.839599619,22
1031,3635,2014,11,1.359797384,23
1032,3635,2014,12,1.380432101,24
1033,3719,2013,1,0.679130466,1
1034,3719,2013,2,0.644257168,2
1035,3719,2013,3,0.720462343,3
1036,3719,2013,4,0.857333426,4
1037,3719,2013,5,1.315823992,5
1038,3719,2013,6,2.029048125,6
1039,3719,2013,7,2.057744601,7
1040,3719,2013,8,2.313879032,8
1041,3719,2013,9,1.94316831,9
1042,3719,2013,10,1.149972558,10
1043,3719,2013,11,0.68553956,11
1044,3719,2013,12,0.838109431,12
1045,3719,2014,1,0.714404659,13
1046,3719,2014,2,0.62177381,14
1047,3719,2014,3,0.624440166,15
1048,3719,2014,4,0.899401852,16
1049,3719,2014,5,1.111439315,17
1050,3719,2014,6,1.700504444,18
1051,3719,2014,7,2.034597513,19
1052,3719,2014,8,2.259901658,20
1053,3719,2014,9,1.647075833,21
1054,3719,2014,10,1.466926389,22
1055,3719,2014,11,0.751398796,23
1056,3719,2014,12,0.768454099,24
1057,3723,2013,1,0.71322565,1
1058,3723,2013,2,0.706898189,2
1059,3723,2013,3,0.679449933,3
1060,3723,2013,4,0.656416736,4
1061,3723,2013,5,0.956859453,5
1062,3723,2013,6,1.84956831,6
1063,3723,2013,7,1.361890188,7
1064,3723,2013,8,1.988055533,8
1065,3723,2013,9,1.859169537,9
1066,3723,2013,10,1.355419579,10
1067,3723,2013,11,1.047079028,11
1068,3723,2013,12,1.189968212,12
1069,3723,2014,1,0.725987007,13
1070,3723,2014,2,0.570388542,14
1071,3723,2014,3,0.609613866,15
1072,3723,2014,4,0.733565648,16
1073,3723,2014,5,0.915842787,17
1074,3723,2014,6,0.985995532,18
1075,3723,2014,7,1.481244153,19
1076,3723,2014,8,1.922694937,20
1077,3723,2014,9,1.68529919,21
1078,3723,2014,10,1.326579413,22
1079,3723,2014,11,0.653423472,23
1080,3723,2014,12,0.570769512,24
1081,3918,2013,1,1.618380466,1
1082,3918,2013,2,1.415395313,2
1083,3918,2013,3,1.527047043,3
1084,3918,2013,4,1.673762292,4
1085,3918,2013,5,2.460134565,5
1086,3918,2013,6,3.445036505,6
1087,3918,2013,7,3.735787276,7
1088,3918,2013,8,3.937451389,8
1089,3918,2013,9,3.53013956,9
1090,3918,2013,10,2.204947469,10
1091,3918,2013,11,1.472415,11
1092,3918,2013,12,1.617668436,12
1093,3918,2014,1,1.60011819,13
1094,3918,2014,2,1.516057292,14
1095,3918,2014,3,1.358473656,15
1096,3918,2014,4,1.858657222,16
1097,3918,2014,5,2.286397648,17
1098,3918,2014,6,3.230257222,18
1099,3918,2014,7,3.622558109,19
1100,3918,2014,8,4.094127823,20
1101,3918,2014,9,3.105734722,21
1102,3918,2014,10,2.513577599,22
1103,3918,2014,11,1.389761944,23
1104,3918,2014,12,1.449653517,24
1105,3935,2013,1,0.725668683,1
1106,3935,2013,2,0.632098413,2
1107,3935,2013,3,0.670479301,3
1108,3935,2013,4,0.651269329,4
1109,3935,2013,5,0.80200513,5
1110,3935,2013,6,1.235665278,6
1111,3935,2013,7,1.253596326,7
1112,3935,2013,8,1.290669982,8
1113,3935,2013,9,1.034391597,9
1114,3935,2013,10,0.608803114,10
1115,3935,2013,11,0.591149074,11
1116,3935,2013,12,0.644697513,12
1117,3935,2014,1,0.680467025,13
1118,3935,2014,2,0.671556622,14
1119,3935,2014,3,0.562625202,15
1120,3935,2014,4,0.426029352,16
1121,3935,2014,5,0.428206944,17
1122,3935,2014,6,0.790748981,18
1123,3935,2014,7,1.004512903,19
1124,3935,2014,8,1.090715748,20
1125,3935,2014,9,0.825447569,21
1126,3935,2014,10,0.538185865,22
1127,3935,2014,11,0.537764792,23
1128,3935,2014,12,0.547656788,24
1129,4193,2013,1,0.922393638,1
1130,4193,2013,2,0.843935764,2
1131,4193,2013,3,0.806284924,3
1132,4193,2013,4,0.882335787,4
1133,4193,2013,5,1.276373858,5
1134,4193,2013,6,2.146622338,6
1135,4193,2013,7,2.393674014,7
1136,4193,2013,8,2.627129749,8
1137,4193,2013,9,2.147881782,9
1138,4193,2013,10,1.113019848,10
1139,4193,2013,11,0.95441831,11
1140,4193,2013,12,1.219071483,12
1141,4193,2014,1,0.946752755,13
1142,4193,2014,2,0.949121156,14
1143,4193,2014,3,0.876928315,15
1144,4193,2014,4,1.043535509,16
1145,4193,2014,5,1.310996752,17
1146,4193,2014,6,2.144727338,18
1147,4193,2014,7,2.40151306,19
1148,4193,2014,8,2.393980757,20
1149,4193,2014,9,2.048624282,21
1150,4193,2014,10,1.502189919,22
1151,4193,2014,11,1.020571412,23
1152,4193,2014,12,1.048595273,24
1153,4302,2013,1,1.200805264,1
1154,4302,2013,2,1.07347619,2
1155,4302,2013,3,1.025464785,3
1156,4302,2013,4,1.436009444,4
1157,4302,2013,5,2.16169711,5
1158,4302,2013,6,3.449408009,6
1159,4302,2013,7,2.84208815,7
1160,4302,2013,8,3.269023118,8
1161,4302,2013,9,2.688888634,9
1162,4302,2013,10,1.91343293,10
1163,4302,2013,11,1.455229074,11
1164,4302,2013,12,1.486796416,12
1165,4302,2014,1,1.159955197,13
1166,4302,2014,2,1.059918601,14
1167,4302,2014,3,0.959542137,15
1168,4302,2014,4,1.436183519,16
1169,4302,2014,5,1.8706375,17
1170,4302,2014,6,2.713778542,18
1171,4302,2014,7,2.949223947,19
1172,4302,2014,8,3.074552263,20
1173,4302,2014,9,2.500706065,21
1174,4302,2014,10,1.949570363,22
1175,4302,2014,11,1.199576157,23
1176,4302,2014,12,1.279655197,24
1177,4357,2013,1,0.631673141,1
1178,4357,2013,2,0.597739583,2
1179,4357,2013,3,0.575384924,3
1180,4357,2013,4,0.680124329,4
1181,4357,2013,5,0.817311022,5
1182,4357,2013,6,1.036535046,6
1183,4357,2013,7,0.976304032,7
1184,4357,2013,8,1.050566443,8
1185,4357,2013,9,1.05601456,9
1186,4357,2013,10,0.736448925,10
1187,4357,2013,11,0.622560995,11
1188,4357,2013,12,0.648867876,12
1189,4357,2014,1,0.606864494,13
1190,4357,2014,2,0.595679663,14
1191,4357,2014,3,0.551147245,15
1192,4357,2014,4,0.628966412,16
1193,4357,2014,5,0.766189315,17
1194,4357,2014,6,0.940436597,18
1195,4357,2014,7,1.013161559,19
1196,4357,2014,8,1.150118705,20
1197,4357,2014,9,1.004563495,21
1198,4357,2014,10,0.637534117,22
1199,4357,2014,11,0.296541019,23
1200,4357,2014,12,0.346454211,24
1201,4447,2013,1,1.213962321,1
1202,4447,2013,2,0.921864137,2
1203,4447,2013,3,0.856545273,3
1204,4447,2013,4,0.982688773,4
1205,4447,2013,5,1.605773723,5
1206,4447,2013,6,2.363658426,6
1207,4447,2013,7,1.89878116,7
1208,4447,2013,8,2.300193347,8
1209,4447,2013,9,1.951718819,9
1210,4447,2013,10,1.268348073,10
1211,4447,2013,11,1.101036875,11
1212,4447,2013,12,1.136137948,12
1213,4447,2014,1,1.306316846,13
1214,4447,2014,2,1.21254308,14
1215,4447,2014,3,0.991927688,15
1216,4447,2014,4,1.038620602,16
1217,4447,2014,5,1.294099171,17
1218,4447,2014,6,1.857519745,18
1219,4447,2014,7,1.749556967,19
1220,4447,2014,8,2.343874597,20
1221,4447,2014,9,1.806041551,21
1222,4447,2014,10,1.259792316,22
1223,4447,2014,11,0.985051574,23
1224,4447,2014,12,1.348701232,24
1225,4526,2013,1,1.722604996,1
1226,4526,2013,2,1.135069742,2
1227,4526,2013,3,1.304454301,3
1228,4526,2013,4,1.42858662,4
1229,4526,2013,5,2.085705466,5
1230,4526,2013,6,2.861882454,6
1231,4526,2013,7,3.208738575,7
1232,4526,2013,8,3.307036985,8
1233,4526,2013,9,3.33909331,9
1234,4526,2013,10,1.946131832,10
1235,4526,2013,11,1.630113519,11
1236,4526,2013,12,2.019589875,12
1237,4526,2014,1,1.825339673,13
1238,4526,2014,2,1.733984301,14
1239,4526,2014,3,1.25542164,15
1240,4526,2014,4,1.448633657,16
1241,4526,2014,5,1.911200112,17
1242,4526,2014,6,2.637111921,18
1243,4526,2014,7,2.797653719,19
1244,4526,2014,8,3.657810394,20
1245,4526,2014,9,2.892647662,21
1246,4526,2014,10,2.397380287,22
1247,4526,2014,11,1.334903426,23
1248,4526,2014,12,1.399079659,24
1249,5129,2013,1,0.54363862,1
1250,5129,2013,2,0.436078943,2
1251,5129,2013,3,0.446966622,3
1252,5129,2013,4,0.470252616,4
1253,5129,2013,5,0.57684487,5
1254,5129,2013,6,1.271707014,6
1255,5129,2013,7,1.261537186,7
1256,5129,2013,8,1.401295296,8
1257,5129,2013,9,1.123877523,9
1258,5129,2013,10,0.658895901,10
1259,5129,2013,11,0.560913102,11
1260,5129,2013,12,0.542310775,12
1261,5129,2014,1,0.501322513,13
1262,5129,2014,2,0.472327009,14
1263,5129,2014,3,0.461679189,15
1264,5129,2014,4,0.45127787,16
1265,5129,2014,5,0.717934207,17
1266,5129,2014,6,1.131002685,18
1267,5129,2014,7,1.14232668,19
1268,5129,2014,8,1.329229077,20
1269,5129,2014,9,1.011329097,21
1270,5129,2014,10,0.669943795,22
1271,5129,2014,11,0.571607176,23
1272,5129,2014,12,0.60354142,24
1273,5246,2013,1,0.984187209,1
1274,5246,2013,2,1.043457292,2
1275,5246,2013,3,1.027056272,3
1276,5246,2013,4,1.174850671,4
1277,5246,2013,5,1.937691622,5
1278,5246,2013,6,2.551797708,6
1279,5246,2013,7,2.36359935,7
1280,5246,2013,8,2.859671864,8
1281,5246,2013,9,2.569411991,9
1282,5246,2013,10,1.775381676,10
1283,5246,2013,11,1.024024954,11
1284,5246,2013,12,1.328811716,12
1285,5246,2014,1,1.078160596,13
1286,5246,2014,2,1.188039435,14
1287,5246,2014,3,1.017760529,15
1288,5246,2014,4,1.37509463,16
1289,5246,2014,5,1.576941868,17
1290,5246,2014,6,2.158646204,18
1291,5246,2014,7,2.391728472,19
1292,5246,2014,8,2.836329704,20
1293,5246,2014,9,2.295814097,21
1294,5246,2014,10,1.874554749,22
1295,5246,2014,11,0.910553588,23
1296,5246,2014,12,1.242661828,24
1297,5275,2013,1,0.656308647,1
1298,5275,2013,2,0.584785193,2
1299,5275,2013,3,0.561210036,3
1300,5275,2013,4,0.525655347,4
1301,5275,2013,5,0.829062074,5
1302,5275,2013,6,1.585683981,6
1303,5275,2013,7,1.73533293,7
1304,5275,2013,8,1.919761178,8
1305,5275,2013,9,1.443280417,9
1306,5275,2013,10,0.742374507,10
1307,5275,2013,11,0.53279206,11
1308,5275,2013,12,0.575600739,12
1309,5275,2014,1,0.582722715,13
1310,5275,2014,2,0.570491295,14
1311,5275,2014,3,0.507787545,15
1312,5275,2014,4,0.608471273,16
1313,5275,2014,5,0.744642764,17
1314,5275,2014,6,1.433201806,18
1315,5275,2014,7,1.764101142,19
1316,5275,2014,8,1.747994153,20
1317,5275,2014,9,1.365828681,21
1318,5275,2014,10,1.036177419,22
1319,5275,2014,11,0.699675278,23
1320,5275,2014,12,0.536811962,24
1321,5357,2013,1,3.681866129,1
1322,5357,2013,2,3.207604911,2
1323,5357,2013,3,2.967886537,3
1324,5357,2013,4,2.992452616,4
1325,5357,2013,5,3.048445124,5
1326,5357,2013,6,3.525707639,6
1327,5357,2013,7,3.713106004,7
1328,5357,2013,8,3.783712209,8
1329,5357,2013,9,3.550241181,9
1330,5357,2013,10,2.94201073,10
1331,5357,2013,11,2.964003727,11
1332,5357,2013,12,3.82587099,12
1333,5357,2014,1,3.739792675,13
1334,5357,2014,2,3.851881548,14
1335,5357,2014,3,3.183207348,15
1336,5357,2014,4,2.917391713,16
1337,5357,2014,5,4.064894758,17
1338,5357,2014,6,4.210529954,18
1339,5357,2014,7,4.29584095,19
1340,5357,2014,8,4.296166935,20
1341,5357,2014,9,3.599908565,21
1342,5357,2014,10,3.488448611,22
1343,5357,2014,11,3.321020556,23
1344,5357,2014,12,3.464935551,24
1345,5395,2013,1,0.614770945,1
1346,5395,2013,2,0.645884673,2
1347,5395,2013,3,0.701098723,3
1348,5395,2013,4,0.99416662,4
1349,5395,2013,5,1.273592518,5
1350,5395,2013,6,1.886992106,6
1351,5395,2013,7,1.734149686,7
1352,5395,2013,8,2.019846371,8
1353,5395,2013,9,1.820608356,9
1354,5395,2013,10,1.236235954,10
1355,5395,2013,11,0.980952778,11
1356,5395,2013,12,1.083995206,12
1357,5395,2014,1,1.044150067,13
1358,5395,2014,2,1.036115551,14
1359,5395,2014,3,1.101611268,15
1360,5395,2014,4,1.455301019,16
1361,5395,2014,5,1.507578898,17
1362,5395,2014,6,1.855043102,18
1363,5395,2014,7,2.045324821,19
1364,5395,2014,8,2.15834198,20
1365,5395,2014,9,1.914205556,21
1366,5395,2014,10,1.549397805,22
1367,5395,2014,11,0.983624606,23
1368,5395,2014,12,1.109039113,24
1369,5439,2013,1,0.712049754,1
1370,5439,2013,2,0.534342584,2
1371,5439,2013,3,0.57049823,3
1372,5439,2013,4,0.57870456,4
1373,5439,2013,5,0.720984453,5
1374,5439,2013,6,1.326643565,6
1375,5439,2013,7,1.283586761,7
1376,5439,2013,8,1.430520609,8
1377,5439,2013,9,1.000826343,9
1378,5439,2013,10,0.535531093,10
1379,5439,2013,11,0.510937106,11
1380,5439,2013,12,0.484996662,12
1381,5439,2014,1,0.513922289,13
1382,5439,2014,2,0.477307217,14
1383,5439,2014,3,0.465048454,15
1384,5439,2014,4,0.474253912,16
1385,5439,2014,5,0.573441331,17
1386,5439,2014,6,0.972626319,18
1387,5439,2014,7,1.252554346,19
1388,5439,2014,8,1.373946707,20
1389,5439,2014,9,0.891096481,21
1390,5439,2014,10,0.603742025,22
1391,5439,2014,11,0.513737593,23
1392,5439,2014,12,0.518007415,24
1393,5615,2013,1,0.724363956,1
1394,5615,2013,2,0.635848165,2
1395,5615,2013,3,0.693961626,3
1396,5615,2013,4,0.726435463,4
1397,5615,2013,5,1.153708221,5
1398,5615,2013,6,2.129314028,6
1399,5615,2013,7,2.164154906,7
1400,5615,2013,8,2.295860887,8
1401,5615,2013,9,2.099329491,9
1402,5615,2013,10,1.242098073,10
1403,5615,2013,11,0.909500556,11
1404,5615,2013,12,0.920030197,12
1405,5615,2014,1,0.856323522,13
1406,5615,2014,2,0.779657614,14
1407,5615,2014,3,0.796385641,15
1408,5615,2014,4,0.965738403,16
1409,5615,2014,5,1.30771978,17
1410,5615,2014,6,2.006586898,18
1411,5615,2014,7,2.072167092,19
1412,5615,2014,8,2.555173409,20
1413,5615,2014,9,1.926216088,21
1414,5615,2014,10,1.587562366,22
1415,5615,2014,11,0.920177269,23
1416,5615,2014,12,0.895078786,24
1417,5738,2013,1,1.419314337,1
1418,5738,2013,2,1.464221701,2
1419,5738,2013,3,1.527722894,3
1420,5738,2013,4,1.58596919,4
1421,5738,2013,5,2.232790255,5
1422,5738,2013,6,3.001761852,6
1423,5738,2013,7,2.421094691,7
1424,5738,2013,8,2.798300381,8
1425,5738,2013,9,2.168818935,9
1426,5738,2013,10,1.119757392,10
1427,5738,2013,11,0.676993495,11
1428,5738,2013,12,0.783884162,12
1429,5738,2014,1,0.723124574,13
1430,5738,2014,2,0.715743452,14
1431,5738,2014,3,0.686532953,15
1432,5738,2014,4,0.86297588,16
1433,5738,2014,5,1.204700202,17
1434,5738,2014,6,2.198295602,18
1435,5738,2014,7,2.382803517,19
1436,5738,2014,8,2.769574642,20
1437,5738,2014,9,1.978755093,21
1438,5738,2014,10,1.482784946,22
1439,5738,2014,11,0.737104815,23
1440,5738,2014,12,0.775799238,24
1441,5785,2013,1,0.961180332,1
1442,5785,2013,2,0.962627555,2
1443,5785,2013,3,0.954496326,3
1444,5785,2013,4,1.145589352,4
1445,5785,2013,5,1.275925269,5
1446,5785,2013,6,1.889527269,6
1447,5785,2013,7,1.865560461,7
1448,5785,2013,8,1.982376344,8
1449,5785,2013,9,1.768760301,9
1450,5785,2013,10,0.83056996,10
1451,5785,2013,11,0.63253294,11
1452,5785,2013,12,0.857742764,12
1453,5785,2014,1,0.656355712,13
1454,5785,2014,2,0.620199107,14
1455,5785,2014,3,0.903956362,15
1456,5785,2014,4,0.962238819,16
1457,5785,2014,5,1.111463172,17
1458,5785,2014,6,1.229608125,18
1459,5785,2014,7,1.575321192,19
1460,5785,2014,8,1.867358132,20
1461,5785,2014,9,1.320037222,21
1462,5785,2014,10,0.75988685,22
1463,5785,2014,11,0.504648634,23
1464,5785,2014,12,0.523821998,24
1465,5796,2013,1,0.84260345,1
1466,5796,2013,2,0.714983234,2
1467,5796,2013,3,0.797060775,3
1468,5796,2013,4,0.832495509,4
1469,5796,2013,5,1.014634565,5
1470,5796,2013,6,1.55985206,6
1471,5796,2013,7,1.773183177,7
1472,5796,2013,8,1.66447491,8
1473,5796,2013,9,1.516722245,9
1474,5796,2013,10,1.017185999,10
1475,5796,2013,11,0.766191273,11
1476,5796,2013,12,0.861043347,12
1477,5796,2014,1,0.723782818,13
1478,5796,2014,2,0.676481622,14
1479,5796,2014,3,0.701517809,15
1480,5796,2014,4,0.875316551,16
1481,5796,2014,5,0.995252151,17
1482,5796,2014,6,1.283677106,18
1483,5796,2014,7,1.824331765,19
1484,5796,2014,8,1.913153741,20
1485,5796,2014,9,1.432901481,21
1486,5796,2014,10,1.088814203,22
1487,5796,2014,11,0.657778866,23
1488,5796,2014,12,0.8204028,24
1489,5817,2013,1,1.138558311,1
1490,5817,2013,2,0.944020164,2
1491,5817,2013,3,0.951852979,3
1492,5817,2013,4,1.102583681,4
1493,5817,2013,5,1.418266756,5
1494,5817,2013,6,2.095767361,6
1495,5817,2013,7,1.990553091,7
1496,5817,2013,8,2.252080824,8
1497,5817,2013,9,2.06862375,9
1498,5817,2013,10,1.469812007,10
1499,5817,2013,11,1.136157361,11
1500,5817,2013,12,1.209392451,12
1501,5817,2014,1,1.055439337,13
1502,5817,2014,2,1.011968973,14
1503,5817,2014,3,0.983028091,15
1504,5817,2014,4,1.191558542,16
1505,5817,2014,5,1.35248797,17
1506,5817,2014,6,1.935635324,18
1507,5817,2014,7,2.175187097,19
1508,5817,2014,8,2.056303091,20
1509,5817,2014,9,1.972106759,21
1510,5817,2014,10,1.498442451,22
1511,5817,2014,11,1.038150949,23
1512,5817,2014,12,0.9848681,24
1513,5892,2013,1,1.257739561,1
1514,5892,2013,2,1.050184896,2
1515,5892,2013,3,1.049916353,3
1516,5892,2013,4,1.242732523,4
1517,5892,2013,5,1.85787565,5
1518,5892,2013,6,2.361894491,6
1519,5892,2013,7,2.340778293,7
1520,5892,2013,8,2.688427263,8
1521,5892,2013,9,2.404305394,9
1522,5892,2013,10,1.715161918,10
1523,5892,2013,11,1.283806389,11
1524,5892,2013,12,1.048588239,12
1525,5892,2014,1,1.213509028,13
1526,5892,2014,2,1.251974454,14
1527,5892,2014,3,1.156485618,15
1528,5892,2014,4,1.232451296,16
1529,5892,2014,5,1.537191039,17
1530,5892,2014,6,2.194106551,18
1531,5892,2014,7,2.472775739,19
1532,5892,2014,8,2.47816026,20
1533,5892,2014,9,2.008296042,21
1534,5892,2014,10,1.529211044,22
1535,5892,2014,11,1.193050093,23
1536,5892,2014,12,1.222965188,24
1537,5949,2013,1,0.512258916,1
1538,5949,2013,2,0.458024182,2
1539,5949,2013,3,0.463325918,3
1540,5949,2013,4,0.519415764,4
1541,5949,2013,5,0.975263732,5
1542,5949,2013,6,1.385387037,6
1543,5949,2013,7,1.705590348,7
1544,5949,2013,8,2.065843593,8
1545,5949,2013,9,1.471904028,9
1546,5949,2013,10,0.763815838,10
1547,5949,2013,11,0.548333079,11
1548,5949,2013,12,0.695945699,12
1549,5949,2014,1,0.606109162,13
1550,5949,2014,2,0.585253497,14
1551,5949,2014,3,0.520066174,15
1552,5949,2014,4,0.649040324,16
1553,5949,2014,5,0.847530533,17
1554,5949,2014,6,1.584031227,18
1555,5949,2014,7,1.843860609,19
1556,5949,2014,8,2.088366062,20
1557,5949,2014,9,1.359151204,21
1558,5949,2014,10,0.87401138,22
1559,5949,2014,11,0.565671921,23
1560,5949,2014,12,0.631721752,24
1561,5972,2013,1,0.960929391,1
1562,5972,2013,2,0.868167832,2
1563,5972,2013,3,0.880399642,3
1564,5972,2013,4,1.037010903,4
1565,5972,2013,5,1.542000493,5
1566,5972,2013,6,2.271704421,6
1567,5972,2013,7,2.48698013,7
1568,5972,2013,8,2.775774597,8
1569,5972,2013,9,2.102984421,9
1570,5972,2013,10,1.292463396,10
1571,5972,2013,11,0.943708148,11
1572,5972,2013,12,1.41935849,12
1573,5972,2014,1,1.205606832,13
1574,5972,2014,2,1.089444841,14
1575,5972,2014,3,1.081645721,15
1576,5972,2014,4,1.116859167,16
1577,5972,2014,5,1.375289964,17
1578,5972,2014,6,1.709989954,18
1579,5972,2014,7,2.202953786,19
1580,5972,2014,8,2.375373365,20
1581,5972,2014,9,1.987460741,21
1582,5972,2014,10,1.447731317,22
1583,5972,2014,11,0.919751852,23
1584,5972,2014,12,1.132978383,24
1585,6072,2013,1,0.93249142,1
1586,6072,2013,2,0.910441195,2
1587,6072,2013,3,0.789729503,3
1588,6072,2013,4,1.016315556,4
1589,6072,2013,5,1.192635551,5
1590,6072,2013,6,1.565814931,6
1591,6072,2013,7,1.807012142,7
1592,6072,2013,8,2.117664718,8
1593,6072,2013,9,1.646222315,9
1594,6072,2013,10,0.733003114,10
1595,6072,2013,11,0.896524444,11
1596,6072,2013,12,1.158605981,12
1597,6072,2014,1,1.034970677,13
1598,6072,2014,2,1.056569717,14
1599,6072,2014,3,0.855577845,15
1600,6072,2014,4,1.038818958,16
1601,6072,2014,5,1.244268011,17
1602,6072,2014,6,1.77162956,18
1603,6072,2014,7,1.918792159,19
1604,6072,2014,8,2.218272625,20
1605,6072,2014,9,1.776935,21
1606,6072,2014,10,1.276366263,22
1607,6072,2014,11,1.171606181,23
1608,6072,2014,12,1.198768907,24
1609,6101,2013,1,0.905534498,1
1610,6101,2013,2,1.023858209,2
1611,6101,2013,3,0.675908266,3
1612,6101,2013,4,0.972938588,4
1613,6101,2013,5,1.04973134,5
1614,6101,2013,6,1.424184583,6
1615,6101,2013,7,1.159294176,7
1616,6101,2013,8,1.404343033,8
1617,6101,2013,9,1.409283171,9
1618,6101,2013,10,1.056032527,10
1619,6101,2013,11,0.972177801,11
1620,6101,2013,12,0.937783893,12
1621,6101,2014,1,0.665444467,13
1622,6101,2014,2,0.851495883,14
1623,6101,2014,3,0.846602218,15
1624,6101,2014,4,0.926242894,16
1625,6101,2014,5,1.218472491,17
1626,6101,2014,6,1.616377222,18
1627,6101,2014,7,1.606548992,19
1628,6101,2014,8,1.584934185,20
1629,6101,2014,9,1.367512593,21
1630,6101,2014,10,1.262185327,22
1631,6101,2014,11,0.74648,23
1632,6101,2014,12,0.678992608,24
1633,6266,2013,1,0.965760708,1
1634,6266,2013,2,0.965840104,2
1635,6266,2013,3,1.022513553,3
1636,6266,2013,4,1.025146736,4
1637,6266,2013,5,1.445964852,5
1638,6266,2013,6,2.362634491,6
1639,6266,2013,7,2.505778539,7
1640,6266,2013,8,2.632501837,8
1641,6266,2013,9,2.163860648,9
1642,6266,2013,10,1.415188934,10
1643,6266,2013,11,0.930752755,11
1644,6266,2013,12,0.863071304,12
1645,6266,2014,1,0.90093134,13
1646,6266,2014,2,0.815399603,14
1647,6266,2014,3,0.829687836,15
1648,6266,2014,4,0.998415995,16
1649,6266,2014,5,1.198317047,17
1650,6266,2014,6,1.896099005,18
1651,6266,2014,7,1.894035685,19
1652,6266,2014,8,2.456773723,20
1653,6266,2014,9,1.914666296,21
1654,6266,2014,10,1.59352547,22
1655,6266,2014,11,0.836714954,23
1656,6266,2014,12,0.831686694,24
1657,6423,2013,1,1.140938822,1
1658,6423,2013,2,1.181546106,2
1659,6423,2013,3,1.193973118,3
1660,6423,2013,4,1.25970956,4
1661,6423,2013,5,1.641647715,5
1662,6423,2013,6,2.076646042,6
1663,6423,2013,7,2.203596214,7
1664,6423,2013,8,2.37797276,8
1665,6423,2013,9,2.100355579,9
1666,6423,2013,10,1.291792921,10
1667,6423,2013,11,0.764662593,11
1668,6423,2013,12,0.835689001,12
1669,6423,2014,1,0.874290569,13
1670,6423,2014,2,0.869610094,14
1671,6423,2014,3,0.798086156,15
1672,6423,2014,4,0.932623958,16
1673,6423,2014,5,1.324100179,17
1674,6423,2014,6,1.882116597,18
1675,6423,2014,7,2.035931004,19
1676,6423,2014,8,2.151589763,20
1677,6423,2014,9,1.836023171,21
1678,6423,2014,10,1.525696617,22
1679,6423,2014,11,0.74659125,23
1680,6423,2014,12,0.810312366,24
1681,6643,2013,1,0.630063374,1
1682,6643,2013,2,0.564036508,2
1683,6643,2013,3,0.56508759,3
1684,6643,2013,4,0.616379745,4
1685,6643,2013,5,0.936886156,5
1686,6643,2013,6,1.494823889,6
1687,6643,2013,7,1.406895116,7
1688,6643,2013,8,1.752072737,8
1689,6643,2013,9,1.383435602,9
1690,6643,2013,10,0.887698365,10
1691,6643,2013,11,0.632555486,11
1692,6643,2013,12,0.710948073,12
1693,6643,2014,1,0.731207213,13
1694,6643,2014,2,0.676219271,14
1695,6643,2014,3,0.659843414,15
1696,6643,2014,4,0.741839144,16
1697,6643,2014,5,0.850433602,17
1698,6643,2014,6,1.299862176,18
1699,6643,2014,7,1.33461595,19
1700,6643,2014,8,1.879676591,20
1701,6643,2014,9,1.463308102,21
1702,6643,2014,10,1.067467159,22
1703,6643,2014,11,0.705811157,23
1704,6643,2014,12,0.699378114,24
1705,6673,2013,1,0.389642652,1
1706,6673,2013,2,0.350856176,2
1707,6673,2013,3,0.338175874,3
1708,6673,2013,4,0.375377431,4
1709,6673,2013,5,0.492239068,5
1710,6673,2013,6,0.683013634,6
1711,6673,2013,7,0.906730287,7
1712,6673,2013,8,0.995017272,8
1713,6673,2013,9,0.797857616,9
1714,6673,2013,10,0.439928069,10
1715,6673,2013,11,0.33730831,11
1716,6673,2013,12,0.512666711,12
1717,6673,2014,1,0.369921595,13
1718,6673,2014,2,0.373302654,14
1719,6673,2014,3,0.326040771,15
1720,6673,2014,4,0.378606991,16
1721,6673,2014,5,0.505297603,17
1722,6673,2014,6,0.815152662,18
1723,6673,2014,7,0.950362746,19
1724,6673,2014,8,1.327638889,20
1725,6673,2014,9,1.337234769,21
1726,6673,2014,10,0.528923185,22
1727,6673,2014,11,0.33755037,23
1728,6673,2014,12,0.693915121,24
1729,6910,2013,1,0.785046461,1
1730,6910,2013,2,0.799153869,2
1731,6910,2013,3,0.719427151,3
1732,6910,2013,4,0.763801551,4
1733,6910,2013,5,1.171973006,5
1734,6910,2013,6,1.521158542,6
1735,6910,2013,7,1.804699149,7
1736,6910,2013,8,2.117856362,8
1737,6910,2013,9,1.788136343,9
1738,6910,2013,10,1.019739673,10
1739,6910,2013,11,0.835553495,11
1740,6910,2013,12,0.873789695,12
1741,6910,2014,1,0.910286358,13
1742,6910,2014,2,0.709936235,14
1743,6910,2014,3,0.816300762,15
1744,6910,2014,4,0.973159838,16
1745,6910,2014,5,0.994209498,17
1746,6910,2014,6,1.475873102,18
1747,6910,2014,7,2.04948237,19
1748,6910,2014,8,2.119664606,20
1749,6910,2014,9,1.840398843,21
1750,6910,2014,10,1.210954996,22
1751,6910,2014,11,0.940600718,23
1752,6910,2014,12,1.137478853,24
1753,6941,2013,1,1.717627285,1
1754,6941,2013,2,1.390272123,2
1755,6941,2013,3,1.360047312,3
1756,6941,2013,4,1.101192894,4
1757,6941,2013,5,1.264419041,5
1758,6941,2013,6,2.050076597,6
1759,6941,2013,7,1.659124776,7
1760,6941,2013,8,2.265436178,8
1761,6941,2013,9,1.946138194,9
1762,6941,2013,10,1.359618974,10
1763,6941,2013,11,1.240137824,11
1764,6941,2013,12,1.829596595,12
1765,6941,2014,1,1.723903091,13
1766,6941,2014,2,1.531001389,14
1767,6941,2014,3,1.106715614,15
1768,6941,2014,4,1.296357824,16
1769,6941,2014,5,1.551256832,17
1770,6941,2014,6,2.04990625,18
1771,6941,2014,7,2.1258556,19
1772,6941,2014,8,1.951994243,20
1773,6941,2014,9,1.910763796,21
1774,6941,2014,10,1.680505623,22
1775,6941,2014,11,1.653441319,23
1776,6941,2014,12,1.838358557,24
1777,6990,2013,1,0.84237388,1
1778,6990,2013,2,0.843419147,2
1779,6990,2013,3,0.811174059,3
1780,6990,2013,4,0.680152523,4
1781,6990,2013,5,1.205809386,5
1782,6990,2013,6,2.052010556,6
1783,6990,2013,7,2.066028047,7
1784,6990,2013,8,1.973663262,8
1785,6990,2013,9,1.898241227,9
1786,6990,2013,10,1.154854951,10
1787,6990,2013,11,0.946544468,11
1788,6990,2013,12,0.850899261,12
1789,6990,2014,1,0.91062957,13
1790,6990,2014,2,0.894221156,14
1791,6990,2014,3,0.854761738,15
1792,6990,2014,4,0.926002431,16
1793,6990,2014,5,1.318177016,17
1794,6990,2014,6,1.76124088,18
1795,6990,2014,7,1.799118795,19
1796,6990,2014,8,2.176224664,20
1797,6990,2014,9,1.688642616,21
1798,6990,2014,10,1.254220789,22
1799,6990,2014,11,0.852344329,23
1800,6990,2014,12,0.963454794,24
1801,7108,2013,1,0.730893571,1
1802,7108,2013,2,0.540977034,2
1803,7108,2013,3,0.509799507,3
1804,7108,2013,4,0.373034954,4
1805,7108,2013,5,0.4671278,5
1806,7108,2013,6,0.708789236,6
1807,7108,2013,7,0.767029435,7
1808,7108,2013,8,0.791411918,8
1809,7108,2013,9,0.731391852,9
1810,7108,2013,10,0.41187948,10
1811,7108,2013,11,0.500592731,11
1812,7108,2013,12,0.503008737,12
1813,7108,2014,1,0.68956922,13
1814,7108,2014,2,0.549985342,14
1815,7108,2014,3,0.590234745,15
1816,7108,2014,4,0.352600023,16
1817,7108,2014,5,0.380777643,17
1818,7108,2014,6,0.62702375,18
1819,7108,2014,7,0.773361425,19
1820,7108,2014,8,0.814348723,20
1821,7108,2014,9,0.645147778,21
1822,7108,2014,10,0.458942204,22
1823,7108,2014,11,0.516065903,23
1824,7108,2014,12,0.485774866,24
1825,7536,2013,1,0.669756228,1
1826,7536,2013,2,0.577576538,2
1827,7536,2013,3,0.593476725,3
1828,7536,2013,4,0.755879167,4
1829,7536,2013,5,1.471787478,5
1830,7536,2013,6,2.80777338,6
1831,7536,2013,7,2.110111985,7
1832,7536,2013,8,2.04542276,8
1833,7536,2013,9,1.690351644,9
1834,7536,2013,10,0.971479144,10
1835,7536,2013,11,0.624174931,11
1836,7536,2013,12,0.857972379,12
1837,7536,2014,1,0.642602016,13
1838,7536,2014,2,0.626479489,14
1839,7536,2014,3,0.574807056,15
1840,7536,2014,4,0.730502176,16
1841,7536,2014,5,0.976690614,17
1842,7536,2014,6,1.426678843,18
1843,7536,2014,7,1.879888239,19
1844,7536,2014,8,2.116397357,20
1845,7536,2014,9,1.524300949,21
1846,7536,2014,10,1.012433333,22
1847,7536,2014,11,0.594181435,23
1848,7536,2014,12,0.655531295,24
1849,7731,2013,1,0.611866958,1
1850,7731,2013,2,0.512462723,2
1851,7731,2013,3,0.563614561,3
1852,7731,2013,4,0.621416296,4
1853,7731,2013,5,0.94580448,5
1854,7731,2013,6,1.568896852,6
1855,7731,2013,7,1.585083669,7
1856,7731,2013,8,1.901268638,8
1857,7731,2013,9,1.570905648,9
1858,7731,2013,10,0.841254391,10
1859,7731,2013,11,0.556039074,11
1860,7731,2013,12,0.620364382,12
1861,7731,2014,1,0.606690345,13
1862,7731,2014,2,0.581216071,14
1863,7731,2014,3,0.519852464,15
1864,7731,2014,4,0.679921412,16
1865,7731,2014,5,0.870152823,17
1866,7731,2014,6,1.432356343,18
1867,7731,2014,7,1.58288405,19
1868,7731,2014,8,1.807735865,20
1869,7731,2014,9,1.349179264,21
1870,7731,2014,10,0.933160417,22
1871,7731,2014,11,0.44982787,23
1872,7731,2014,12,0.492856989,24
1873,7739,2013,1,0.327181788,1
1874,7739,2013,2,0.32231751,2
1875,7739,2013,3,0.301947558,3
1876,7739,2013,4,0.258743079,4
1877,7739,2013,5,0.307850896,5
1878,7739,2013,6,0.732212199,6
1879,7739,2013,7,0.775415771,7
1880,7739,2013,8,0.949441689,8
1881,7739,2013,9,0.731223796,9
1882,7739,2013,10,0.349650224,10
1883,7739,2013,11,0.318089815,11
1884,7739,2013,12,0.380694019,12
1885,7739,2014,1,0.380310305,13
1886,7739,2014,2,0.33914003,14
1887,7739,2014,3,0.344209364,15
1888,7739,2014,4,0.368570394,16
1889,7739,2014,5,0.475313306,17
1890,7739,2014,6,0.805238657,18
1891,7739,2014,7,1.027594332,19
1892,7739,2014,8,1.169782079,20
1893,7739,2014,9,0.630413732,21
1894,7739,2014,10,0.382206944,22
1895,7739,2014,11,0.232874792,23
1896,7739,2014,12,0.362209453,24
1897,7767,2013,1,0.597053898,1
1898,7767,2013,2,0.546936434,2
1899,7767,2013,3,0.53613004,3
1900,7767,2013,4,0.509297199,4
1901,7767,2013,5,0.738396438,5
1902,7767,2013,6,1.215521991,6
1903,7767,2013,7,1.323937366,7
1904,7767,2013,8,1.280630242,8
1905,7767,2013,9,1.160819884,9
1906,7767,2013,10,0.761686402,10
1907,7767,2013,11,0.631108634,11
1908,7767,2013,12,0.671138262,12
1909,7767,2014,1,0.598424978,13
1910,7767,2014,2,0.581925868,14
1911,7767,2014,3,0.569954772,15
1912,7767,2014,4,0.569763912,16
1913,7767,2014,5,0.745289516,17
1914,7767,2014,6,1.164215139,18
1915,7767,2014,7,1.320926098,19
1916,7767,2014,8,1.399557348,20
1917,7767,2014,9,1.070673426,21
1918,7767,2014,10,0.869654077,22
1919,7767,2014,11,0.549360162,23
1920,7767,2014,12,0.578684431,24
1921,7769,2013,1,0.425622334,1
1922,7769,2013,2,0.325320139,2
1923,7769,2013,3,0.310951658,3
1924,7769,2013,4,0.323805093,4
1925,7769,2013,5,0.472896976,5
1926,7769,2013,6,0.806113056,6
1927,7769,2013,7,0.711032751,7
1928,7769,2013,8,0.814194444,8
1929,7769,2013,9,0.657893889,9
1930,7769,2013,10,0.391385954,10
1931,7769,2013,11,0.32554875,11
1932,7769,2013,12,0.40579608,12
1933,7769,2014,1,0.371442832,13
1934,7769,2014,2,0.359033234,14
1935,7769,2014,3,0.299698611,15
1936,7769,2014,4,0.267686481,16
1937,7769,2014,5,0.319219915,17
1938,7769,2014,6,0.573956319,18
1939,7769,2014,7,0.645109117,19
1940,7769,2014,8,0.80791138,20
1941,7769,2014,9,0.522627176,21
1942,7769,2014,10,0.319992272,22
1943,7769,2014,11,0.297516273,23
1944,7769,2014,12,0.299929727,24
1945,7850,2013,1,0.81409832,1
1946,7850,2013,2,0.852901364,2
1947,7850,2013,3,0.849684901,3
1948,7850,2013,4,0.89711419,4
1949,7850,2013,5,1.304363329,5
1950,7850,2013,6,2.092532245,6
1951,7850,2013,7,2.053964068,7
1952,7850,2013,8,2.26497435,8
1953,7850,2013,9,1.52948794,9
1954,7850,2013,10,1.11873405,10
1955,7850,2013,11,0.86458544,11
1956,7850,2013,12,0.898888105,12
1957,7850,2014,1,0.872139359,13
1958,7850,2014,2,0.913362376,14
1959,7850,2014,3,0.819887007,15
1960,7850,2014,4,0.889486968,16
1961,7850,2014,5,1.114938284,17
1962,7850,2014,6,1.752891227,18
1963,7850,2014,7,1.994333423,19
1964,7850,2014,8,2.297282594,20
1965,7850,2014,9,1.60138037,21
1966,7850,2014,10,1.268230824,22
1967,7850,2014,11,0.879882616,23
1968,7850,2014,12,0.875627487,24
1969,7863,2013,1,0.987647021,1
1970,7863,2013,2,0.876994196,2
1971,7863,2013,3,0.976777711,3
1972,7863,2013,4,1.201486667,4
1973,7863,2013,5,1.590570296,5
1974,7863,2013,6,2.715389861,6
1975,7863,2013,7,2.656731384,7
1976,7863,2013,8,2.914775739,8
1977,7863,2013,9,2.481275787,9
1978,7863,2013,10,1.60698983,10
1979,7863,2013,11,1.125016667,11
1980,7863,2013,12,0.942998858,12
1981,7863,2014,1,0.851216958,13
1982,7863,2014,2,0.93514561,14
1983,7863,2014,3,0.965551703,15
1984,7863,2014,4,1.340317407,16
1985,7863,2014,5,1.719420654,17
1986,7863,2014,6,2.34988088,18
1987,7863,2014,7,2.596451142,19
1988,7863,2014,8,2.960177307,20
1989,7863,2014,9,2.213627755,21
1990,7863,2014,10,1.778128965,22
1991,7863,2014,11,0.860220718,23
1992,7863,2014,12,0.997738015,24
1993,7866,2013,1,0.442715502,1
1994,7866,2013,2,0.397810193,2
1995,7866,2013,3,0.408721371,3
1996,7866,2013,4,0.461877157,4
1997,7866,2013,5,0.692688934,5
1998,7866,2013,6,1.474192153,6
1999,7866,2013,7,1.229108087,7
2000,7866,2013,8,1.488915367,8
2001,7866,2013,9,1.131299329,9
2002,7866,2013,10,0.545844579,10
2003,7866,2013,11,0.407797176,11
2004,7866,2013,12,0.406524126,12
2005,7866,2014,1,0.423587746,13
2006,7866,2014,2,0.340912946,14
2007,7866,2014,3,0.323020721,15
2008,7866,2014,4,0.496164051,16
2009,7866,2014,5,0.528622894,17
2010,7866,2014,6,0.933554421,18
2011,7866,2014,7,0.825068929,19
2012,7866,2014,8,1.001645475,20
2013,7866,2014,9,0.609184329,21
2014,7866,2014,10,0.423784453,22
2015,7866,2014,11,0.298076736,23
2016,7866,2014,12,0.337295632,24
2017,7989,2013,1,0.899828763,1
2018,7989,2013,2,0.854383879,2
2019,7989,2013,3,0.8362903,3
2020,7989,2013,4,0.936173449,4
2021,7989,2013,5,1.146491107,5
2022,7989,2013,6,1.656699329,6
2023,7989,2013,7,1.689853987,7
2024,7989,2013,8,1.864023656,8
2025,7989,2013,9,1.619992523,9
2026,7989,2013,10,1.023742339,10
2027,7989,2013,11,0.842877292,11
2028,7989,2013,12,0.951598006,12
2029,7989,2014,1,1.03167332,13
2030,7989,2014,2,0.909604762,14
2031,7989,2014,3,0.910839427,15
2032,7989,2014,4,1.145178681,16
2033,7989,2014,5,1.222433916,17
2034,7989,2014,6,1.759206273,18
2035,7989,2014,7,1.324870901,19
2036,7989,2014,8,1.820968795,20
2037,7989,2014,9,1.515528611,21
2038,7989,2014,10,1.149209901,22
2039,7989,2014,11,0.858517431,23
2040,7989,2014,12,0.882413329,24
2041,8155,2013,1,0.721534879,1
2042,8155,2013,2,0.699261012,2
2043,8155,2013,3,0.748920587,3
2044,8155,2013,4,0.888313218,4
2045,8155,2013,5,1.079344198,5
2046,8155,2013,6,1.823161829,6
2047,8155,2013,7,1.988103338,7
2048,8155,2013,8,2.357698522,8
2049,8155,2013,9,1.857003264,9
2050,8155,2013,10,1.040705309,10
2051,8155,2013,11,0.74418662,11
2052,8155,2013,12,0.760491555,12
2053,8155,2014,1,0.718034431,13
2054,8155,2014,2,0.675400868,14
2055,8155,2014,3,0.627252957,15
2056,8155,2014,4,0.722259097,16
2057,8155,2014,5,0.840316062,17
2058,8155,2014,6,1.314005602,18
2059,8155,2014,7,1.698814292,19
2060,8155,2014,8,2.0276222,20
2061,8155,2014,9,1.595695069,21
2062,8155,2014,10,1.119987142,22
2063,8155,2014,11,0.708532269,23
2064,8155,2014,12,0.676469064,24
2065,8317,2013,1,0.673413329,1
2066,8317,2013,2,0.581834921,2
2067,8317,2013,3,0.596786268,3
2068,8317,2013,4,0.727466505,4
2069,8317,2013,5,0.912191734,5
2070,8317,2013,6,1.316918287,6
2071,8317,2013,7,1.358911246,7
2072,8317,2013,8,1.485661828,8
2073,8317,2013,9,1.323641273,9
2074,8317,2013,10,0.914373544,10
2075,8317,2013,11,0.760378657,11
2076,8317,2013,12,0.769847894,12
2077,8317,2014,1,0.717584857,13
2078,8317,2014,2,0.728868725,14
2079,8317,2014,3,0.719124709,15
2080,8317,2014,4,0.77468375,16
2081,8317,2014,5,0.925318571,17
2082,8317,2014,6,1.22624088,18
2083,8317,2014,7,1.313404122,19
2084,8317,2014,8,1.419663665,20
2085,8317,2014,9,1.157323114,21
2086,8317,2014,10,0.935913082,22
2087,8317,2014,11,0.671999583,23
2088,8317,2014,12,0.70896241,24
2089,8419,2013,1,1.601206832,1
2090,8419,2013,2,1.296437872,2
2091,8419,2013,3,1.070109834,3
2092,8419,2013,4,0.98636956,4
2093,8419,2013,5,1.36266707,5
2094,8419,2013,6,2.105182176,6
2095,8419,2013,7,2.025840771,7
2096,8419,2013,8,2.278354256,8
2097,8419,2013,9,2.002143912,9
2098,8419,2013,10,1.338512702,10
2099,8419,2013,11,1.497017986,11
2100,8419,2013,12,2.024107168,12
2101,8419,2014,1,1.884614583,13
2102,8419,2014,2,1.79431932,14
2103,8419,2014,3,1.205894332,15
2104,8419,2014,4,1.146052176,16
2105,8419,2014,5,1.369122939,17
2106,8419,2014,6,1.917714306,18
2107,8419,2014,7,2.148843795,19
2108,8419,2014,8,2.435360461,20
2109,8419,2014,9,2.046975903,21
2110,8419,2014,10,1.752588284,22
2111,8419,2014,11,1.594657454,23
2112,8419,2014,12,2.016879884,24
2113,8626,2013,1,0.820966868,1
2114,8626,2013,2,0.58592314,2
2115,8626,2013,3,0.578337007,3
2116,8626,2013,4,0.584551713,4
2117,8626,2013,5,0.737516779,5
2118,8626,2013,6,1.197712917,6
2119,8626,2013,7,1.171722961,7
2120,8626,2013,8,1.243181608,8
2121,8626,2013,9,1.132695301,9
2122,8626,2013,10,0.783680869,10
2123,8626,2013,11,0.750192222,11
2124,8626,2013,12,0.965128383,12
2125,8626,2014,1,1.122560305,13
2126,8626,2014,2,1.119091195,14
2127,8626,2014,3,0.975196976,15
2128,8626,2014,4,0.676173727,16
2129,8626,2014,5,0.79526203,17
2130,8626,2014,6,1.147464213,18
2131,8626,2014,7,1.289829704,19
2132,8626,2014,8,1.328991174,20
2133,8626,2014,9,1.068764398,21
2134,8626,2014,10,0.938212522,22
2135,8626,2014,11,0.723882546,23
2136,8626,2014,12,0.80974422,24
2137,8829,2013,1,1.007320968,1
2138,8829,2013,2,0.719200322,2
2139,8829,2013,3,0.705962769,3
2140,8829,2013,4,0.828337639,4
2141,8829,2013,5,1.156883266,5
2142,8829,2013,6,1.79078037,6
2143,8829,2013,7,2.064444915,7
2144,8829,2013,8,2.477765502,8
2145,8829,2013,9,2.339699769,9
2146,8829,2013,10,1.288445632,10
2147,8829,2013,11,0.842847778,11
2148,8829,2013,12,0.76742836,12
2149,8829,2014,1,0.88323022,13
2150,8829,2014,2,0.794707019,14
2151,8829,2014,3,0.767919467,15
2152,8829,2014,4,1.027233171,16
2153,8829,2014,5,1.425898544,17
2154,8829,2014,6,2.471952338,18
2155,8829,2014,7,2.498465524,19
2156,8829,2014,8,2.296583199,20
2157,8829,2014,9,1.916868519,21
2158,8829,2014,10,1.446789068,22
2159,8829,2014,11,0.77864412,23
2160,8829,2014,12,0.939447065,24
2161,9121,2013,1,1.018745341,1
2162,9121,2013,2,0.974263988,2
2163,9121,2013,3,1.052488978,3
2164,9121,2013,4,1.196811944,4
2165,9121,2013,5,1.526520699,5
2166,9121,2013,6,2.069837292,6
2167,9121,2013,7,2.269814561,7
2168,9121,2013,8,2.201107236,8
2169,9121,2013,9,2.107589444,9
2170,9121,2013,10,1.589660641,10
2171,9121,2013,11,1.061492014,11
2172,9121,2013,12,1.136128427,12
2173,9121,2014,1,1.123226254,13
2174,9121,2014,2,1.254732887,14
2175,9121,2014,3,1.254406832,15
2176,9121,2014,4,1.67548787,16
2177,9121,2014,5,1.923574104,17
2178,9121,2014,6,2.515759213,18
2179,9121,2014,7,2.072342585,19
2180,9121,2014,8,2.455272312,20
2181,9121,2014,9,1.703688657,21
2182,9121,2014,10,1.492221752,22
2183,9121,2014,11,0.880484792,23
2184,9121,2014,12,0.837071147,24
2185,9160,2013,1,0.416061738,1
2186,9160,2013,2,0.362021652,2
2187,9160,2013,3,0.481091532,3
2188,9160,2013,4,0.413456505,4
2189,9160,2013,5,0.909244355,5
2190,9160,2013,6,1.57119247,6
2191,9160,2013,7,1.363743414,7
2192,9160,2013,8,1.527293996,8
2193,9160,2013,9,1.59652125,9
2194,9160,2013,10,0.684662388,10
2195,9160,2013,11,0.366903588,11
2196,9160,2013,12,0.483987746,12
2197,9160,2014,1,0.448079167,13
2198,9160,2014,2,0.418010987,14
2199,9160,2014,3,0.364564583,15
2200,9160,2014,4,0.464942963,16
2201,9160,2014,5,0.726798701,17
2202,9160,2014,6,1.400343426,18
2203,9160,2014,7,1.423174485,19
2204,9160,2014,8,1.697358042,20
2205,9160,2014,9,1.37012956,21
2206,9160,2014,10,0.660147558,22
2207,9160,2014,11,0.340475324,23
2208,9160,2014,12,0.410204301,24
2209,9631,2013,1,0.751520699,1
2210,9631,2013,2,0.605964608,2
2211,9631,2013,3,0.64698349,3
2212,9631,2013,4,0.788548727,4
2213,9631,2013,5,1.037500963,5
2214,9631,2013,6,1.490247361,6
2215,9631,2013,7,1.589421617,7
2216,9631,2013,8,1.702339718,8
2217,9631,2013,9,1.561996806,9
2218,9631,2013,10,1.00542388,10
2219,9631,2013,11,0.698868704,11
2220,9631,2013,12,0.699410708,12
2221,9631,2014,1,0.773752016,13
2222,9631,2014,2,0.685396503,14
2223,9631,2014,3,0.618635103,15
2224,9631,2014,4,0.767380764,16
2225,9631,2014,5,1.201206989,17
2226,9631,2014,6,1.566191319,18
2227,9631,2014,7,1.727999574,19
2228,9631,2014,8,1.930919332,20
2229,9631,2014,9,1.513855347,21
2230,9631,2014,10,1.003504704,22
2231,9631,2014,11,0.592275301,23
2232,9631,2014,12,0.648373006,24
2233,9701,2013,1,0.281927016,1
2234,9701,2013,2,0.297465501,2
2235,9701,2013,3,0.229996013,3
2236,9701,2013,4,0.212970162,4
2237,9701,2013,5,0.306035954,5
2238,9701,2013,6,0.490636181,6
2239,9701,2013,7,0.543109185,7
2240,9701,2013,8,0.624789628,8
2241,9701,2013,9,0.435434144,9
2242,9701,2013,10,0.236118616,10
2243,9701,2013,11,0.251116991,11
2244,9701,2013,12,0.221365278,12
2245,9701,2014,1,0.239064382,13
2246,9701,2014,2,0.254809549,14
2247,9701,2014,3,0.214427083,15
2248,9701,2014,4,0.182453912,16
2249,9701,2014,5,0.222204435,17
2250,9701,2014,6,0.397654931,18
2251,9701,2014,7,0.520257415,19
2252,9701,2014,8,0.568744332,20
2253,9701,2014,9,0.398455972,21
2254,9701,2014,10,0.258158647,22
2255,9701,2014,11,0.240895278,23
2256,9701,2014,12,0.225271662,24
2257,9915,2013,1,0.48581418,1
2258,9915,2013,2,0.354783333,2
2259,9915,2013,3,0.430869064,3
2260,9915,2013,4,0.493582546,4
2261,9915,2013,5,0.85327043,5
2262,9915,2013,6,1.449207546,6
2263,9915,2013,7,1.549181317,7
2264,9915,2013,8,1.735489561,8
2265,9915,2013,9,1.351506204,9
2266,9915,2013,10,0.628526456,10
2267,9915,2013,11,0.415036481,11
2268,9915,2013,12,0.600059655,12
2269,9915,2014,1,0.51469543,13
2270,9915,2014,2,0.483636409,14
2271,9915,2014,3,0.3880694,15
2272,9915,2014,4,0.373408657,16
2273,9915,2014,5,0.655999866,17
2274,9915,2014,6,1.181857616,18
2275,9915,2014,7,1.397127935,19
2276,9915,2014,8,1.558201478,20
2277,9915,2014,9,1.118445116,21
2278,9915,2014,10,0.762880063,22
2279,9915,2014,11,0.517193241,23
2280,9915,2014,12,0.673091151,24
2281,9926,2013,1,0.733623253,1
2282,9926,2013,2,0.728114311,2
2283,9926,2013,3,0.710157549,3
2284,9926,2013,4,0.815975185,4
2285,9926,2013,5,1.07389608,5
2286,9926,2013,6,1.546404306,6
2287,9926,2013,7,1.509417675,7
2288,9926,2013,8,1.591789875,8
2289,9926,2013,9,1.393560162,9
2290,9926,2013,10,0.963340255,10
2291,9926,2013,11,0.811762639,11
2292,9926,2013,12,0.847736335,12
2293,9926,2014,1,0.850638911,13
2294,9926,2014,2,0.798942386,14
2295,9926,2014,3,0.783303651,15
2296,9926,2014,4,0.867595,16
2297,9926,2014,5,0.958487254,17
2298,9926,2014,6,1.387043681,18
2299,9926,2014,7,1.506763978,19
2300,9926,2014,8,1.61817789,20
2301,9926,2014,9,1.260316088,21
2302,9926,2014,10,0.933877711,22
2303,9926,2014,11,0.736222593,23
2304,9926,2014,12,0.779570273,24
2305,9939,2013,1,0.745979839,1
2306,9939,2013,2,0.660643304,2
2307,9939,2013,3,0.70612724,3
2308,9939,2013,4,0.784806667,4
2309,9939,2013,5,1.182907124,5
2310,9939,2013,6,2.011331296,6
2311,9939,2013,7,1.746619691,7
2312,9939,2013,8,2.0886306,8
2313,9939,2013,9,1.578803009,9
2314,9939,2013,10,0.879882415,10
2315,9939,2013,11,0.774822315,11
2316,9939,2013,12,0.859342742,12
2317,9939,2014,1,1.297708669,13
2318,9939,2014,2,0.967524405,14
2319,9939,2014,3,0.615066622,15
2320,9939,2014,4,0.837201852,16
2321,9939,2014,5,1.058061223,17
2322,9939,2014,6,1.934141181,18
2323,9939,2014,7,2.152217316,19
2324,9939,2014,8,2.576318728,20
2325,9939,2014,9,1.70765581,21
2326,9939,2014,10,1.107281474,22
2327,9939,2014,11,1.234868866,23
2328,9939,2014,12,1.110596841,24