OrganizationIdentifier,OrganizationFormalName,ProjectIdentifier,ProjectName,ProjectDescriptionText,SamplingDesignTypeCode,QAPPApprovedIndicator,QAPPApprovalAgencyName,ProjectFileUrl,ProjectMonitoringLocationWeightingUrl
WIDNR_WQX,Wisconsin Department of Natural Resources,WR046,AMBIENT MONITORING - STREAMS 1988,streams   5000 fieldwork events 1988 ambient monitoring,,,,,
SDDENR_WQX,DENR,AMBIENT,Ambient Surface Water Quality Monitoring,Ambient Surface Water Quality Monitoring,,,,,
AZDEQ_SW,AZDEQ_SW,7988,1990-AMBIENT MONITORING,AMBIENT MONITORING,,,,,
UTAHDWQ_WQX,Utah Department Of Environmental Quality,350,General Water Monitoring,Collect Water Samples for a variety of programs.,,,,,
11NPSWRD_WQX,National Park Service Water Resources Division,WHIS0002,California Dept. of Health Services - Drinking Water Program,"Data are from the California Department of Health Services and the Clear Creek Community Service District.  For more information, contact the California Department of Health Services, Drinking Water Program, P.O. Box 942732 MS 92, Sacramento, CA 94234, Tel.(916)-323-4670 or the Clear Creek Community Service District (Tel.(916)-357-2121).",,N,,,
MNPCA,Minnesota Pollution Control Agency - Ambient Surface Water,PRJ00313,MPCA Stream Monitoring Program Project,This is an inclusive project created to migrate data to modernized STORET from the 21MINN Agency Code in Legacy STORET where project information was not stored on the sample or result level. Specific purposes for Legacy STORET data collection may be available in the station descriptions.,"Targeted - A targeted sample is where a ""sample"" of the subject matter, be that people, plants/animals etc is selected using certain criteria, i.e. pregnant mothers between the ages of 25-30. Targeted samples are usually used by businesses or companies carrying out surveys on a particular group of people.",,,,
11NPSWRD_WQX,National Park Service Water Resources Division,CONG0002,Trace Metals in Sediments and the Asiatic Clam,"Data are from the report entitled ""Sources and Accumulation of Trace Metals in Sediments and the Asiatic Clam, Corbicula fluminea, in Two South Carolina Watersheds"" by Jeannie R. Pickett, South Carolina Dept. of Health and Environmental Control, USGS Awar",,N,,,
11NPSWRD_WQX,National Park Service Water Resources Division,CONG0003,Water Quality Study at Congaree Swamp NM - 1991,"Data are from a report entitled ""A Water Quality Study at the Congaree Swamp National Monument of Myers Creek, Reeves Creek and Toms Creek"" by Michael Rikard, National Park Service, Cape Lookout National Seashore, Morehead City, North Carolina, November 1",,N,,,
21FLEECO_WQX,Lee County,FRESHF,Lee County's Freshwater Fixed station program,The purpose of Lee County's fixed station freshwater monitoring project is to identify existing water quality problems and determine trends in water quality.,,,,,
21FLORAN,Orange County Environmental Protection (Florida),AMB,Water Quality Ambient Monitoring Program,,,,,,
21FLSFWM,South Florida Water Management District,CAMB,WATER CONSERVATION AREA MATERIAL BUDGET,,,,,,
21OHDGW,Division of Drinking and Ground Water (Ohio),AGWMP,Ambient Ground Water Monitoring Program,,,,,,
MWRD,Metro Waste Water Reclamation District (Colorado),STREAM,Biweekly stream sampling,,,,,,
LADEQWPD,LDEQ/Watershed Planning Division,W1958001,Statewide Water Quality Monitoring Network,,,,,,
21FLSFWM,South Florida Water Management District,ENP,EVERGLADES NATIONAL PARK MONITORING,,,,,,
21NC01WQ,NCDENR-DWQ,NCLEGACY,NCLEGACY,,,,,,
21COL001,Colorado Dept. of Public Health & Environment,SWMN,CDPHE Water and Biological Sampling,,,,,,
21ARIZGW,Arizona Department of Environmental Quality,GW,GROUNDWATER PROGRAM UNIT,,,,,,
21SCSANT,Santee Cooper - South Carolina Public Service Authority,ABS AMB,Santee Cooper Lakes Ambient Monitoring Program,,,,,,
21ARIZ,Arizona Department of Environmental Quality,FSN,FIXED STATION NETWORK,,,,,,